"日期","收盘","开盘","高","低","交易量","涨跌幅"
"2010-12-26","94.75","93.76","95.20","92.18","333.81K","1.05%"
"2010-12-19","93.77","91.65","94.74","91.02","443.95K","2.29%"
"2010-12-12","91.67","90.65","92.42","90.33","504.82K","1.32%"
"2010-12-5","90.48","91.46","92.86","89.86","766.89K","-1.03%"
"2010-11-28","91.42","85.50","91.85","85.41","911.68K","6.82%"
"2010-11-21","85.58","84.34","86.50","82.43","693.29K","1.47%"
"2010-11-14","84.34","86.44","87.37","82.96","833.82K","-2.32%"
"2010-11-7","86.34","88.30","89.70","85.76","836.20K","-2.01%"
"2010-10-31","88.11","83.13","88.80","82.82","865.73K","5.97%"
"2010-10-24","83.15","83.15","84.20","81.85","905.49K","0.23%"
"2010-10-17","82.96","83.05","84.50","80.75","991.87K","0.62%"
"2010-10-10","82.45","84.33","85.46","81.95","609.11K","-1.88%"
"2010-10-3","84.03","83.81","86.02","81.86","835.49K","0.33%"
"2010-9-26","83.75","79.01","83.81","77.60","837.26K","6.19%"
"2010-9-19","78.87","78.20","80.00","76.75","776.64K","0.84%"
"2010-9-12","78.21","78.23","79.90","77.25","540.43K","0.06%"
"2010-9-5","78.16","76.62","78.85","75.56","751.10K","1.94%"
"2010-8-29","76.67","76.65","77.46","74.24","759.66K","0.03%"
"2010-8-22","76.65","74.46","76.93","71.75","883.59K","3.22%"
"2010-8-15","74.26","75.12","77.69","74.00","631.03K","-1.13%"
"2010-8-8","75.11","80.49","81.38","74.67","722.62K","-6.30%"
"2010-8-1","80.16","78.11","82.86","78.10","778.07K","2.53%"
"2010-7-25","78.18","77.45","78.31","74.80","791.05K","0.94%"
"2010-7-18","77.45","75.13","78.10","74.75","734.89K","2.76%"
"2010-7-11","75.37","75.19","77.79","73.67","442.83K","-0.07%"
"2010-7-4","75.42","71.56","75.86","70.77","599.58K","5.26%"
"2010-6-27","71.65","78.14","78.66","71.21","838.28K","-8.28%"
"2010-6-20","78.12","78.49","79.86","75.40","741.32K","-0.13%"
"2010-6-13","78.22","74.51","79.10","74.44","669.20K","5.21%"
"2010-6-6","74.35","71.55","75.88","70.50","753.17K","3.13%"
"2010-5-30","72.09","74.02","76.55","71.48","742.55K","-2.61%"
"2010-5-23","74.02","71.80","75.74","68.15","810.35K","3.26%"
"2010-5-16","71.68","78.05","78.47","70.20","1.07M","-7.13%"
"2010-5-9","77.18","78.90","81.76","76.80","597.19K","-1.39%"
"2010-5-2","78.27","87.44","89.58","77.51","975.37K","-10.49%"
"2010-4-25","87.44","87.27","87.75","84.88","822.24K","0.22%"
"2010-4-18","87.25","85.74","87.33","83.25","942.50K","1.47%"
"2010-4-11","85.99","84.87","87.58","83.51","581.67K","1.37%"
"2010-4-4","84.83","84.47","86.63","83.95","645.41K","0.98%"
"2010-3-28","84.01","79.48","84.50","79.48","562.39K","5.95%"
"2010-3-21","79.29","79.61","81.17","78.00","808.36K","-0.74%"
"2010-3-14","79.88","79.09","82.08","77.25","569.46K","0.62%"
"2010-3-7","79.39","80.21","81.46","78.70","702.04K","-0.63%"
"2010-2-28","79.89","77.69","80.53","76.21","869.14K","2.96%"
"2010-2-21","77.59","78.44","78.94","75.29","794.86K","-0.77%"
"2010-2-14","78.19","73.12","78.45","72.29","728.54K","7.26%"
"2010-2-7","72.90","70.36","74.00","69.21","661.90K","4.76%"
"2010-1-31","69.59","71.35","76.99","67.87","1.10M","-2.62%"
"2010-1-24","71.46","72.46","73.80","71.02","771.05K","-1.88%"
"2010-1-17","72.83","76.91","77.85","72.17","779.63K","-5.55%"
"2010-1-10","77.11","81.53","82.45","76.81","559.91K","-5.24%"
"2010-1-3","81.37","78.49","82.21","78.34","701.03K","4.41%"
"2009-12-27","77.93","76.30","78.94","76.20","246.50K","2.12%"
"2009-12-20","76.31","73.62","76.50","71.97","360.70K","3.47%"
"2009-12-13","73.75","71.47","74.84","71.16","481.44K","2.60%"
"2009-12-6","71.88","77.83","78.25","71.02","742.70K","-7.28%"
"2009-11-29","77.52","77.46","79.91","76.40","791.45K","0.44%"
"2009-11-22","77.18","77.55","79.58","73.70","729.08K","-0.03%"
"2009-11-15","77.20","76.79","80.14","76.50","693.81K","2.18%"
"2009-11-8","75.55","76.26","78.92","75.03","559.47K","-0.42%"
"2009-11-1","75.87","75.24","79.45","74.98","775.21K","0.89%"
"2009-10-25","75.20","78.49","80.10","75.09","785.75K","-4.71%"
"2009-10-18","78.92","77.09","80.26","76.04","704.21K","2.51%"
"2009-10-11","76.99","70.29","77.22","70.29","477.97K","9.99%"
"2009-10-4","70.00","67.45","70.56","65.90","688.81K","2.84%"
"2009-9-27","68.07","65.42","69.79","64.49","663.74K","4.55%"
"2009-9-20","65.11","71.17","71.45","64.08","738.47K","-8.71%"
"2009-9-13","71.32","67.68","72.20","66.66","497.73K","5.36%"
"2009-9-6","67.69","66.69","70.88","66.38","604.53K","1.30%"
"2009-8-30","66.82","72.79","72.95","65.96","628.32K","-8.20%"
"2009-8-23","72.79","74.21","74.75","70.42","599.52K","-1.89%"
"2009-8-16","74.19","71.35","74.97","69.21","580.85K","2.46%"
"2009-8-9","72.41","73.23","74.72","71.68","315.56K","-1.60%"
"2009-8-2","73.59","71.98","76.00","71.50","554.22K","2.64%"
"2009-7-26","71.70","70.06","72.12","66.14","657.09K","1.96%"
"2009-7-19","70.32","65.03","70.46","65.03","559.43K","7.56%"
"2009-7-12","65.38","60.66","65.93","59.49","345.38K","8.03%"
"2009-7-5","60.52","65.20","65.46","59.53","594.85K","-7.76%"
"2009-6-28","65.61","68.95","73.50","65.25","599.43K","-4.80%"
"2009-6-21","68.92","69.47","70.81","65.90","631.90K","-0.39%"
"2009-6-14","69.19","70.93","72.40","68.56","450.12K","-2.44%"
"2009-6-7","70.92","67.79","72.27","66.88","466.25K","3.78%"
"2009-5-31","68.34","65.77","69.91","64.91","576.28K","4.30%"
"2009-5-24","65.52","61.00","65.80","58.41","441.20K","7.80%"
"2009-5-17","60.78","56.17","60.94","55.91","516.60K","8.57%"
"2009-5-10","55.98","57.80","59.05","55.85","414.84K","-3.72%"
"2009-5-3","58.14","52.60","58.50","52.36","484.25K","10.01%"
"2009-4-26","52.85","51.04","53.05","48.40","543.45K","2.28%"
"2009-4-19","51.67","53.06","53.06","48.31","547.81K","-3.15%"
"2009-4-12","53.35","53.98","54.12","50.90","291.73K","-1.31%"
"2009-4-5","54.06","53.50","54.31","49.80","412.16K","1.10%"
"2009-3-29","53.47","51.50","54.26","47.26","584.20K","2.87%"
"2009-3-22","51.98","51.30","53.86","51.10","474.29K","1.48%"
"2009-3-15","51.22","44.25","51.70","42.59","435.26K","14.00%"
"2009-3-8","44.93","45.42","46.36","41.30","479.15K","0.18%"
"2009-3-1","44.85","45.56","46.54","41.60","546.33K","-3.24%"
"2009-2-22","46.35","41.66","46.63","40.30","573.11K","10.65%"
"2009-2-15","41.89","44.30","45.50","39.35","459.81K","-6.52%"
"2009-2-8","44.81","46.06","48.42","43.92","420.34K","-3.03%"
"2009-2-1","46.21","46.06","47.48","43.70","475.52K","0.72%"
"2009-1-25","45.88","47.46","49.65","43.55","585.08K","-5.15%"
"2009-1-18","48.37","46.30","48.61","42.85","564.80K","3.87%"
"2009-1-11","46.57","44.57","49.12","41.84","353.28K","4.84%"
"2009-1-4","44.42","48.20","52.21","42.79","568.97K","-5.31%"
"2008-12-28","46.91","39.78","47.33","38.10","295.46K","22.26%"
"2008-12-21","38.37","44.65","44.77","36.20","222.96K","-12.80%"
"2008-12-14","44.00","46.00","49.96","43.03","422.74K","-5.19%"
"2008-12-7","46.41","40.48","48.36","40.48","476.16K","16.78%"
"2008-11-30","39.74","53.00","53.00","39.35","535.33K","-25.71%"
"2008-11-23","53.49","50.00","54.90","48.00","498.11K","8.74%"
"2008-11-16","49.19","53.37","56.15","47.40","568.44K","-9.31%"
"2008-11-9","54.24","58.38","61.98","50.60","431.12K","-5.42%"
"2008-11-2","57.35","64.30","67.76","56.44","624.08K","-12.20%"
"2008-10-26","65.32","61.93","68.35","59.02","605.04K","5.27%"
"2008-10-19","62.05","70.65","73.61","61.00","595.95K","-10.85%"
"2008-10-12","69.60","77.00","80.74","65.45","348.34K","-6.06%"
"2008-10-5","74.09","88.30","88.65","73.14","521.88K","-17.91%"
"2008-9-28","90.25","103.29","103.29","88.00","580.52K","-12.84%"
"2008-9-21","103.54","99.50","107.11","99.50","584.58K","3.95%"
"2008-9-14","99.61","95.99","100.50","88.90","565.57K","2.08%"
"2008-9-7","97.58","105.74","106.90","96.33","455.60K","-6.25%"
"2008-8-31","104.09","115.50","115.56","103.43","484.67K","-8.73%"
"2008-8-24","114.05","113.00","118.26","111.65","521.20K","0.11%"
"2008-8-17","113.92","112.30","120.93","110.70","526.78K","1.22%"
"2008-8-10","112.55","113.85","115.32","110.31","330.70K","-0.69%"
"2008-8-3","113.33","125.30","125.30","112.80","520.06K","-8.74%"
"2008-7-27","124.18","124.40","127.94","120.88","531.31K","-0.27%"
"2008-7-20","124.52","131.04","133.75","123.39","516.39K","-4.36%"
"2008-7-13","130.19","144.37","145.55","129.66","384.48K","-9.90%"
"2008-7-6","144.49","144.40","147.50","135.50","518.19K","0.05%"
"2008-6-29","144.42","141.29","146.69","139.54","398.92K","2.93%"
"2008-6-22","140.31","134.56","142.97","132.00","544.93K","4.04%"
"2008-6-15","134.86","134.79","139.32","131.48","538.24K","0.45%"
"2008-6-8","134.25","137.25","137.74","130.50","378.97K","-2.50%"
"2008-6-1","137.69","127.22","138.12","121.32","582.89K","7.76%"
"2008-5-25","127.78","131.25","133.41","125.00","514.78K","-2.88%"
"2008-5-18","131.57","125.28","135.14","123.59","608.54K","5.26%"
"2008-5-11","124.99","125.63","126.34","120.10","414.60K","-0.33%"
"2008-5-4","125.40","114.54","125.90","114.21","568.66K","9.46%"
"2008-4-27","114.56","117.32","117.51","108.42","624.31K","-1.53%"
"2008-4-20","116.34","113.85","117.56","112.49","616.42K","2.12%"
"2008-4-13","113.92","108.26","114.22","108.09","394.99K","4.75%"
"2008-4-6","108.75","104.68","109.98","104.60","512.57K","3.67%"
"2008-3-30","104.90","103.36","105.32","98.99","559.92K","1.09%"
"2008-3-23","103.77","99.75","105.60","98.70","492.54K","3.38%"
"2008-3-16","100.38","106.00","107.97","98.00","561.09K","-6.67%"
"2008-3-9","107.55","102.30","108.02","101.20","390.48K","5.05%"
"2008-3-2","102.38","100.12","103.98","96.92","643.00K","2.28%"
"2008-2-24","100.10","97.23","101.27","96.34","584.90K","3.19%"
"2008-2-17","97.01","94.90","99.22","94.44","493.41K","2.52%"
"2008-2-10","94.63","92.68","95.80","91.09","438.78K","2.93%"
"2008-2-3","91.94","89.10","92.32","86.83","566.03K","2.80%"
"2008-1-27","89.44","90.70","92.83","88.95","624.46K","-1.61%"
"2008-1-20","90.90","89.57","91.40","85.00","574.28K","1.87%"
"2008-1-13","89.23","91.07","93.25","88.21","374.63K","-2.02%"
"2008-1-6","91.07","96.69","97.48","90.83","570.06K","-5.91%"
"2007-12-30","96.79","94.29","98.50","93.25","311.22K","3.10%"
"2007-12-23","93.88","92.29","95.87","91.35","199.26K","1.54%"
"2007-12-16","92.46","91.69","92.95","89.33","441.62K","-0.23%"
"2007-12-9","92.67","88.77","94.44","87.51","349.21K","4.55%"
"2007-12-2","88.64","88.74","91.91","86.56","530.48K","0.43%"
"2007-11-25","88.26","95.90","96.65","87.55","666.09K","-7.83%"
"2007-11-18","95.76","91.87","96.53","90.98","408.69K","4.52%"
"2007-11-11","91.62","92.54","93.46","87.88","422.61K","-1.67%"
"2007-11-4","93.18","91.84","95.19","90.18","503.83K","1.19%"
"2007-10-28","92.08","88.69","92.21","86.13","547.20K","3.82%"
"2007-10-21","88.69","83.66","89.30","81.63","521.57K","5.85%"
"2007-10-14","83.79","80.00","84.88","80.00","415.34K","4.02%"
"2007-10-7","80.55","78.42","80.92","75.64","394.56K","2.09%"
"2007-9-30","78.90","79.25","79.54","76.31","447.52K","-0.34%"
"2007-9-23","79.17","78.90","81.05","76.36","541.33K","-0.16%"
"2007-9-16","79.30","76.20","79.94","75.52","557.21K","4.04%"
"2007-9-9","76.22","74.83","77.93","73.86","323.29K","1.53%"
"2007-9-2","75.07","72.69","75.70","72.69","371.92K","3.27%"
"2007-8-26","72.69","70.55","73.09","69.49","399.80K","2.93%"
"2007-8-19","70.62","69.70","70.84","68.14","430.88K","0.26%"
"2007-8-12","70.44","70.40","72.24","68.87","246.44K","0.07%"
"2007-8-5","70.39","74.45","74.73","68.95","462.07K","-5.83%"
"2007-7-29","74.75","76.06","77.18","74.24","439.12K","-1.98%"
"2007-7-22","76.26","77.32","77.50","74.23","464.54K","-1.78%"
"2007-7-15","77.64","77.55","78.40","75.03","364.57K","0.09%"
"2007-7-8","77.57","75.46","77.70","74.91","242.31K","2.58%"
"2007-7-1","75.62","71.22","76.01","70.92","351.67K","5.90%"
"2007-6-24","71.41","70.75","71.60","69.40","448.86K","0.32%"
"2007-6-17","71.18","71.59","72.25","69.56","488.81K","-0.41%"
"2007-6-10","71.47","68.69","71.88","68.20","238.73K","4.18%"
"2007-6-3","68.60","68.94","71.72","68.41","442.85K","-0.68%"
"2007-5-27","69.07","70.50","70.50","66.80","425.53K","-2.29%"
"2007-5-20","70.69","69.44","71.80","69.10","514.47K","1.83%"
"2007-5-13","69.42","66.65","70.35","65.93","346.86K","3.88%"
"2007-5-6","66.83","65.18","66.98","63.80","437.11K","2.33%"
"2007-4-29","65.31","68.23","68.73","64.95","490.90K","-4.53%"
"2007-4-22","68.41","66.51","68.75","65.98","463.52K","2.89%"
"2007-4-15","66.49","68.75","69.17","64.76","485.22K","-3.60%"
"2007-4-8","68.97","67.87","69.59","66.38","155.64K","1.07%"
"2007-4-1","68.24","67.91","69.58","66.93","304.49K","0.21%"
"2007-3-25","68.10","63.55","69.14","63.33","511.77K","7.79%"
"2007-3-18","63.18","60.64","63.68","60.00","498.02K","4.78%"
"2007-3-11","60.30","61.01","62.11","59.79","268.42K","-1.36%"
"2007-3-4","61.13","61.70","62.84","60.00","405.02K","-1.53%"
"2007-2-25","62.08","61.05","62.74","60.10","465.21K","1.97%"
"2007-2-18","60.88","58.80","61.68","56.81","474.72K","3.27%"
"2007-2-11","58.95","58.51","59.03","56.10","348.59K","-0.10%"
"2007-2-4","59.01","58.55","59.63","56.74","471.65K","1.03%"
"2007-1-28","58.41","55.46","58.67","53.56","529.29K","5.64%"
"2007-1-21","55.29","53.75","55.88","52.18","518.62K","3.46%"
"2007-1-14","53.44","53.09","53.63","50.75","372.75K","0.93%"
"2007-1-7","52.95","55.86","57.19","51.65","490.84K","-4.83%"
"2006-12-31","55.64","60.88","61.64","54.50","385.16K","-8.58%"
"2006-12-24","60.86","62.54","63.30","60.04","177.62K","-2.50%"
"2006-12-17","62.42","63.34","63.59","61.47","335.21K","-1.69%"
"2006-12-10","63.49","62.16","63.61","61.05","199.56K","2.07%"
"2006-12-3","62.20","64.59","64.75","62.13","367.46K","-3.74%"
"2006-11-26","64.62","59.78","64.92","59.47","470.81K","7.65%"
"2006-11-19","60.03","58.50","60.58","58.24","334.67K","1.76%"
"2006-11-12","58.99","59.80","61.37","57.85","330.95K","-1.21%"
"2006-11-5","59.71","58.94","61.43","58.44","419.30K","0.95%"
"2006-10-29","59.15","61.20","61.20","57.39","488.04K","-3.16%"
"2006-10-22","61.08","59.25","62.35","58.52","424.71K","2.35%"
"2006-10-15","59.68","59.40","62.50","58.82","387.80K","0.27%"
"2006-10-8","59.52","60.25","61.66","58.16","343.71K","-0.52%"
"2006-10-1","59.83","62.70","62.82","57.70","454.96K","-4.24%"
"2006-9-24","62.48","60.05","63.63","59.32","450.36K","3.43%"
"2006-9-17","60.41","63.47","64.86","60.11","406.79K","-4.61%"
"2006-9-10","63.33","65.20","65.44","61.96","287.44K","-3.06%"
"2006-9-3","65.33","69.15","69.49","65.16","309.46K","-5.52%"
"2006-8-27","69.15","72.21","72.47","68.82","377.68K","-4.88%"
"2006-8-20","72.70","72.59","74.09","71.61","347.53K","0.55%"
"2006-8-13","72.30","75.16","75.26","71.31","211.61K","-4.40%"
"2006-8-6","75.63","76.15","78.65","75.10","224.10K","-0.71%"
"2006-7-30","76.17","73.22","77.47","72.70","372.62K","3.79%"
"2006-7-23","73.39","73.85","75.54","72.78","445.51K","-0.49%"
"2006-7-16","73.75","77.98","78.18","72.59","485.92K","-4.56%"
"2006-7-9","77.27","73.20","78.03","72.11","217.74K","5.11%"
"2006-7-2","73.51","73.26","75.09","72.45","299.05K","0.00%"
"2006-6-25","73.51","69.86","73.69","69.47","354.45K","5.12%"
"2006-6-18","69.93","68.75","70.38","67.42","406.55K","1.64%"
"2006-6-11","68.80","70.50","71.20","66.33","224.77K","-2.38%"
"2006-6-4","70.48","72.20","72.67","67.73","375.62K","-0.77%"
"2006-5-28","71.03","70.80","71.99","69.01","355.20K","0.62%"
"2006-5-21","70.59","68.95","71.35","67.63","368.89K","2.78%"
"2006-5-14","68.68","71.50","71.50","68.25","317.85K","-4.85%"
"2006-5-7","72.18","71.10","73.88","69.06","349.37K","1.83%"
"2006-4-30","70.88","71.98","74.97","69.79","355.71K","-2.23%"
"2006-4-23","72.50","74.63","74.76","70.45","428.17K","-2.25%"
"2006-4-16","74.17","70.99","74.79","70.52","367.08K","5.75%"
"2006-4-9","70.14","67.30","70.99","67.30","184.25K","4.24%"
"2006-4-2","67.29","66.30","68.24","65.73","325.76K","2.09%"
"2006-3-26","65.91","63.50","67.05","62.80","345.72K","3.78%"
"2006-3-19","63.51","63.29","63.90","60.98","349.85K","0.40%"
"2006-3-12","63.26","60.80","64.35","60.60","168.08K","3.99%"
"2006-3-5","60.83","64.18","64.18","59.26","331.79K","-5.22%"
"2006-2-26","64.18","62.20","64.64","60.36","343.11K","2.52%"
"2006-2-19","62.60","60.00","62.87","59.81","329.25K","4.52%"
"2006-2-12","59.89","59.26","60.97","57.90","266.21K","0.42%"
"2006-2-5","59.64","63.85","64.50","59.41","257.51K","-5.92%"
"2006-1-29","63.39","66.50","67.27","62.15","353.08K","-4.30%"
"2006-1-22","66.24","67.05","67.11","63.87","375.52K","-0.29%"
"2006-1-15","66.43","62.40","67.32","62.40","333.29K","6.70%"
"2006-1-8","62.26","62.75","63.28","61.04","256.60K","-0.73%"
"2006-1-1","62.72","59.35","63.09","59.08","281.53K","6.34%"
"2005-12-25","58.98","56.10","59.23","55.52","129.39K","4.04%"
"2005-12-18","56.69","57.12","57.73","55.81","225.66K","-0.77%"
"2005-12-11","57.13","58.03","60.40","57.06","241.23K","-0.31%"
"2005-12-4","57.31","57.22","59.58","56.85","340.73K","0.46%"
"2005-11-27","57.05","55.30","57.21","53.75","322.29K","3.71%"
"2005-11-20","55.01","55.25","56.66","54.75","226.80K","0.24%"
"2005-11-13","54.88","55.25","56.78","53.90","237.72K","-0.20%"
"2005-11-6","54.99","58.90","59.25","54.74","286.05K","-7.19%"
"2005-10-30","59.25","59.24","60.65","57.44","288.87K","-0.29%"
"2005-10-23","59.42","58.01","60.78","57.36","303.25K","1.61%"
"2005-10-16","58.48","60.28","61.12","57.05","339.60K","-1.47%"
"2005-10-9","59.35","59.20","61.31","57.43","205.66K","0.24%"
"2005-10-2","59.21","63.63","63.96","58.24","272.56K","-6.73%"
"2005-9-25","63.48","62.16","64.72","61.00","308.79K","1.67%"
"2005-9-18","62.44","62.35","65.80","62.01","369.64K","1.02%"
"2005-9-11","61.81","62.83","63.96","61.14","212.58K","-1.64%"
"2005-9-4","62.84","66.00","66.08","61.59","262.68K","-4.87%"
"2005-8-28","66.06","66.65","68.89","64.83","282.00K","1.83%"
"2005-8-21","64.87","64.40","66.65","63.59","317.44K","0.79%"
"2005-8-14","64.36","65.73","66.85","61.45","272.17K","-3.15%"
"2005-8-7","66.45","61.30","66.77","61.24","308.10K","8.81%"
"2005-7-31","61.07","59.85","61.26","59.37","290.25K","2.86%"
"2005-7-24","59.37","57.55","59.84","56.56","300.72K","3.11%"
"2005-7-17","57.58","57.80","58.54","55.25","307.31K","-0.05%"
"2005-7-10","57.61","57.60","59.58","56.50","243.27K","-1.01%"
"2005-7-3","58.20","57.65","60.70","55.55","268.94K","1.15%"
"2005-6-26","57.54","58.85","59.59","55.04","294.47K","-1.41%"
"2005-6-19","58.36","57.80","58.58","56.38","296.36K","1.04%"
"2005-6-12","57.76","52.55","57.95","52.55","196.21K","9.66%"
"2005-6-5","52.67","54.30","54.62","51.61","253.29K","-2.77%"
"2005-5-29","54.17","50.47","54.24","49.87","225.02K","6.84%"
"2005-5-22","50.70","47.91","50.80","47.47","282.06K","5.56%"
"2005-5-15","48.03","48.36","49.80","47.60","244.38K","-1.29%"
"2005-5-8","48.66","51.40","52.43","47.71","232.84K","-4.16%"
"2005-5-1","50.77","51.78","51.98","49.66","195.43K","-0.63%"
"2005-4-24","51.09","55.54","55.74","50.35","233.09K","-7.06%"
"2005-4-17","54.97","51.15","55.40","50.44","217.00K","6.51%"
"2005-4-10","51.61","52.80","53.60","50.40","112.56K","-2.42%"
"2005-4-3","52.89","56.80","57.65","52.58","163.03K","-6.41%"
"2005-3-27","56.51","53.00","56.60","51.80","165.93K","4.78%"
"2005-3-20","53.93","55.59","55.87","52.65","168.44K","-2.99%"
"2005-3-13","55.59","53.09","56.15","52.46","121.94K","4.69%"
"2005-3-6","53.10","51.74","54.30","50.95","145.14K","2.51%"
"2005-2-27","51.80","50.00","53.00","49.05","230.53K","4.41%"
"2005-2-20","49.61","46.45","49.90","46.39","256.25K","7.06%"
"2005-2-13","46.34","45.07","46.64","44.65","187.56K","3.44%"
"2005-2-6","44.80","43.70","44.92","42.46","154.98K","2.07%"
"2005-1-30","43.89","44.50","45.95","43.15","187.51K","-2.36%"
"2005-1-23","44.95","46.20","47.35","44.50","202.24K","-1.71%"
"2005-1-16","45.73","45.35","46.35","43.73","197.93K","1.28%"
"2005-1-9","45.15","43.20","45.47","42.50","107.07K","4.56%"
"2005-1-2","43.18","39.40","43.75","38.81","163.61K","6.72%"
"2004-12-26","40.46","38.70","40.59","38.40","79.96K","0.97%"
"2004-12-19","40.07","43.10","43.40","39.95","138.09K","-7.65%"
"2004-12-12","43.39","37.80","43.45","37.00","119.26K","16.08%"
"2004-12-5","37.38","39.50","40.52","37.30","180.40K","-5.03%"
"2004-11-28","39.36","44.70","46.70","38.85","232.50K","-11.69%"
"2004-11-21","44.57","44.95","45.95","43.50","177.94K","-0.71%"
"2004-11-14","44.89","42.19","44.90","40.05","220.87K","6.10%"
"2004-11-7","42.31","46.30","46.30","42.20","139.63K","-8.85%"
"2004-10-31","46.42","49.20","49.60","45.45","219.05K","-5.23%"
"2004-10-24","48.98","51.30","51.94","47.68","258.17K","-4.37%"
"2004-10-17","51.22","50.30","51.65","47.90","240.27K","2.58%"
"2004-10-10","49.93","49.60","51.50","48.50","141.86K","0.44%"
"2004-10-3","49.71","46.25","49.75","45.80","194.64K","6.63%"
"2004-9-26","46.62","45.70","46.80","45.05","180.40K","2.85%"
"2004-9-19","45.33","42.55","45.75","42.10","201.20K","6.78%"
"2004-9-12","42.45","41.05","42.52","40.00","209.57K","5.60%"
"2004-9-5","40.20","41.30","42.60","40.00","201.24K","-2.50%"
"2004-8-29","41.23","39.75","43.04","39.20","182.00K","1.45%"
"2004-8-22","40.64","43.88","44.05","39.67","253.14K","-6.66%"
"2004-8-15","43.54","43.85","45.15","42.15","193.86K","-0.77%"
"2004-8-8","43.88","40.40","43.92","40.27","179.63K","8.00%"
"2004-8-1","40.63","39.70","41.50","39.54","203.14K","1.50%"
"2004-7-25","40.03","38.50","40.05","37.75","209.16K","4.60%"
"2004-7-18","38.27","37.50","38.40","36.96","202.45K","0.71%"
"2004-7-11","38.00","36.95","38.58","36.11","156.24K","2.56%"
"2004-7-4","37.05","36.10","37.80","36.10","200.25K","3.15%"
"2004-6-27","35.92","34.60","36.45","33.08","233.52K","2.72%"
"2004-6-20","34.97","36.04","36.59","34.60","265.06K","-3.42%"
"2004-6-13","36.21","35.75","36.70","34.73","197.86K","2.17%"
"2004-6-6","35.44","35.67","36.55","34.43","209.77K","-0.64%"
"2004-5-30","35.67","37.15","39.12","35.50","201.69K","-2.49%"
"2004-5-23","36.58","36.10","38.20","35.95","255.22K","0.19%"
"2004-5-16","36.51","38.25","38.50","36.35","239.76K","-5.80%"
"2004-5-9","38.76","36.74","38.90","35.33","210.46K","4.76%"
"2004-5-2","37.00","35.22","37.20","34.95","181.75K","7.31%"
"2004-4-25","34.48","33.35","35.00","33.25","241.10K","4.20%"
"2004-4-18","33.09","33.58","34.20","32.31","242.50K","-1.63%"
"2004-4-11","33.64","33.70","34.05","32.42","126.57K","0.90%"
"2004-4-4","33.34","30.80","33.40","30.15","172.14K","10.36%"
"2004-3-28","30.21","31.66","33.00","29.95","228.81K","-5.56%"
"2004-3-21","31.99","33.04","33.60","31.20","214.00K","-3.82%"
"2004-3-14","33.26","32.50","33.82","32.34","192.76K","3.16%"
"2004-3-7","32.24","33.51","33.57","31.62","200.49K","-3.33%"
"2004-2-29","33.35","32.33","33.58","31.81","198.78K","3.48%"
"2004-2-22","32.23","30.55","32.35","30.45","237.57K","5.02%"
"2004-2-15","30.69","30.55","31.37","30.00","186.26K","0.39%"
"2004-2-8","30.57","29.05","30.78","28.77","184.80K","6.04%"
"2004-2-1","28.83","29.00","30.38","28.44","211.87K","-1.20%"
"2004-1-25","29.18","30.76","30.83","28.81","258.27K","-5.75%"
"2004-1-18","30.96","30.65","31.32","30.20","212.91K","1.61%"
"2004-1-11","30.47","31.43","32.12","29.45","182.99K","-2.87%"
"2004-1-4","31.37","29.65","31.80","29.65","223.10K","6.99%"
"2003-12-28","29.32","29.50","30.20","29.15","78.17K","0.89%"
"2003-12-21","29.06","30.00","30.11","28.47","100.00K","-3.29%"
"2003-12-14","30.05","29.61","31.15","29.60","168.76K","-1.05%"
"2003-12-7","30.37","28.91","30.50","28.89","194.85K","5.67%"
"2003-11-30","28.74","28.43","29.65","27.76","232.59K","1.02%"
"2003-11-23","28.45","29.01","29.15","27.40","197.32K","-3.10%"
"2003-11-16","29.36","29.56","30.52","28.65","261.67K","-0.68%"
"2003-11-9","29.56","29.26","29.75","28.65","187.60K","2.25%"
"2003-11-2","28.91","27.98","29.20","26.97","210.14K","4.37%"
"2003-10-26","27.70","28.66","28.80","26.75","235.65K","-3.08%"
"2003-10-19","28.58","28.75","29.25","27.85","245.81K","-1.55%"
"2003-10-12","29.03","30.71","31.20","28.55","153.99K","-6.05%"
"2003-10-5","30.90","28.94","31.50","28.32","153.52K","7.63%"
"2003-9-28","28.71","26.78","28.78","26.74","188.24K","7.77%"
"2003-9-21","26.64","25.20","27.20","25.05","197.38K","5.21%"
"2003-9-14","25.32","26.77","26.85","25.10","193.21K","-5.42%"
"2003-9-7","26.77","27.37","27.72","26.25","184.42K","-1.62%"
"2003-8-31","27.21","29.45","29.55","26.81","238.74K","-7.73%"
"2003-8-24","29.49","29.40","29.89","29.10","149.68K","-0.71%"
"2003-8-17","29.70","29.20","30.15","28.02","177.00K","3.09%"
"2003-8-10","28.81","29.85","30.20","28.38","183.79K","-3.93%"
"2003-8-3","29.99","29.63","30.59","29.30","194.39K","0.00%"
"2003-7-27","29.99","28.00","30.05","27.61","189.06K","6.42%"
"2003-7-20","28.18","29.00","29.00","27.29","219.22K","-2.59%"
"2003-7-13","28.93","28.95","29.30","28.33","162.79K","-0.89%"
"2003-7-6","29.19","27.85","29.60","27.21","177.44K","5.65%"
"2003-6-29","27.63","27.55","28.76","27.10","184.76K","1.21%"
"2003-6-22","27.30","27.15","27.75","26.51","183.33K","1.04%"
"2003-6-15","27.02","26.65","27.16","25.80","236.50K","-1.60%"
"2003-6-8","27.46","27.78","28.52","27.10","151.87K","-1.15%"
"2003-6-1","27.78","26.70","27.87","26.35","195.79K","5.55%"
"2003-5-25","26.32","26.28","26.72","25.27","161.50K","0.30%"
"2003-5-18","26.24","26.30","26.70","25.32","228.33K","0.54%"
"2003-5-11","26.10","25.58","27.01","24.84","186.80K","3.98%"
"2003-5-4","25.10","24.25","25.47","23.37","182.29K","6.72%"
"2003-4-27","23.52","23.75","24.39","23.05","198.13K","-2.37%"
"2003-4-20","24.09","25.95","26.11","23.50","215.84K","-6.92%"
"2003-4-13","25.88","24.65","25.90","24.20","125.76K","4.57%"
"2003-4-6","24.75","24.30","25.40","23.40","151.62K","0.28%"
"2003-3-30","24.68","26.36","27.56","24.30","185.84K","-6.34%"
"2003-3-23","26.35","24.50","27.74","24.50","207.20K","8.21%"
"2003-3-16","24.35","30.35","31.65","24.00","266.15K","-22.40%"
"2003-3-9","31.38","34.55","34.55","30.55","128.50K","-7.98%"
"2003-3-2","34.10","32.45","34.20","32.01","188.48K","4.00%"
"2003-2-23","32.79","32.55","33.94","32.20","225.75K","1.61%"
"2003-2-16","32.27","32.66","32.66","31.54","163.26K","-0.71%"
"2003-2-9","32.50","32.60","33.10","31.58","186.69K","0.49%"
"2003-2-2","32.34","30.89","32.50","30.10","189.54K","3.99%"
"2003-1-26","31.10","30.75","31.39","29.83","193.63K","2.00%"
"2003-1-19","30.49","30.75","31.21","29.60","218.62K","-0.16%"
"2003-1-12","30.54","29.30","31.80","29.20","144.42K","2.93%"
"2003-1-5","29.67","30.69","30.88","27.85","219.41K","-3.57%"
"2002-12-29","30.77","30.60","31.02","28.64","107.39K","2.02%"
"2002-12-22","30.16","28.90","30.39","28.82","71.30K","6.42%"
"2002-12-15","28.34","27.71","29.40","27.55","190.95K","4.15%"
"2002-12-8","27.21","25.90","27.74","25.47","173.51K","6.87%"
"2002-12-1","25.46","25.35","26.10","25.12","194.19K","1.19%"
"2002-11-24","25.16","25.51","25.71","24.65","169.35K","-0.20%"
"2002-11-17","25.21","23.59","25.33","23.52","222.07K","7.97%"
"2002-11-10","23.35","23.75","24.30","22.56","185.18K","-0.98%"
"2002-11-3","23.58","25.25","25.54","23.25","256.90K","-7.20%"
"2002-10-27","25.41","25.60","26.05","25.05","187.92K","-0.20%"
"2002-10-20","25.46","27.72","27.75","25.35","233.68K","-8.55%"
"2002-10-13","27.84","28.06","28.78","27.55","131.46K","-0.54%"
"2002-10-6","27.99","28.50","28.60","27.35","145.45K","-0.46%"
"2002-9-29","28.12","29.30","29.39","27.90","185.78K","-2.63%"
"2002-9-22","28.88","28.86","29.88","28.66","159.71K","1.58%"
"2002-9-15","28.43","28.68","28.70","27.27","182.40K","0.42%"
"2002-9-8","28.31","28.61","29.02","27.48","115.93K","0.07%"
"2002-9-1","28.29","27.40","28.95","26.45","187.46K","2.99%"
"2002-8-25","27.47","27.68","27.92","26.77","141.55K","1.78%"
"2002-8-18","26.99","26.80","27.68","26.75","202.52K","-0.04%"
"2002-8-11","27.00","25.30","27.20","25.00","132.01K","6.55%"
"2002-8-4","25.34","25.35","25.56","24.73","146.87K","0.12%"
"2002-7-28","25.31","25.03","26.01","24.65","179.42K","1.12%"
"2002-7-21","25.03","25.23","26.15","24.65","207.32K","-5.30%"
"2002-7-14","26.43","26.50","26.66","25.85","170.36K","0.42%"
"2002-7-7","26.32","25.70","26.44","24.75","146.75K","2.29%"
"2002-6-30","25.73","25.50","25.97","25.39","122.67K","0.59%"
"2002-6-23","25.58","24.89","25.85","24.66","188.28K","3.35%"
"2002-6-16","24.75","25.28","25.64","24.35","190.95K","-0.96%"
"2002-6-9","24.99","23.94","25.10","23.22","166.67K","4.17%"
"2002-6-2","23.99","24.10","24.55","23.63","97.89K","-1.88%"
"2002-5-26","24.45","25.27","25.30","23.93","179.03K","-2.90%"
"2002-5-19","25.18","26.36","26.67","24.98","235.28K","-4.48%"
"2002-5-12","26.36","25.90","27.35","25.75","141.78K","-0.08%"
"2002-5-5","26.38","25.40","26.56","24.78","133.75K","2.45%"
"2002-4-28","25.75","25.95","26.73","24.79","200.34K","-1.68%"
"2002-4-21","26.19","26.30","26.39","25.32","212.90K","1.32%"
"2002-4-14","25.85","24.62","26.05","24.08","221.55K","6.42%"
"2002-4-7","24.29","26.78","27.43","23.81","147.16K","-6.54%"
"2002-3-31","25.99","26.36","28.15","25.30","169.78K","0.27%"
"2002-3-24","25.92","25.15","25.95","24.65","133.87K","2.21%"
"2002-3-17","25.36","24.40","25.68","24.16","191.03K","3.30%"
"2002-3-10","24.55","23.80","24.85","23.37","124.58K","5.23%"
"2002-3-3","23.33","21.85","24.15","21.62","193.71K","6.58%"
"2002-2-24","21.89","20.30","22.25","19.85","229.43K","7.46%"
"2002-2-17","20.37","20.87","20.89","19.80","137.47K","-2.40%"
"2002-2-10","20.87","19.65","21.71","19.50","180.87K","5.83%"
"2002-2-3","19.72","19.80","19.92","18.85","162.83K","-1.30%"
"2002-1-27","19.98","19.60","20.03","18.38","202.17K","3.15%"
"2002-1-20","19.37","18.52","19.60","18.41","168.09K","4.99%"
"2002-1-13","18.45","20.60","20.68","18.23","133.69K","-11.55%"
"2002-1-6","20.86","22.00","22.40","20.45","157.45K","-5.95%"
"2001-12-30","22.18","20.20","22.20","19.46","107.34K","9.26%"
"2001-12-23","20.30","19.58","20.90","19.32","60.06K","4.86%"
"2001-12-16","19.36","19.05","19.86","18.65","159.55K","5.33%"
"2001-12-9","18.38","18.70","18.70","17.70","129.10K","-3.42%"
"2001-12-2","19.03","18.92","20.25","17.75","177.30K","-0.57%"
"2001-11-25","19.14","18.60","19.22","17.98","173.95K","-0.73%"
"2001-11-18","19.28","17.40","20.08","16.65","196.11K","8.62%"
"2001-11-11","17.75","21.63","21.63","16.80","159.32K","-16.98%"
"2001-11-4","21.38","19.72","21.65","18.81","161.89K","8.14%"
"2001-10-28","19.77","21.25","21.52","19.04","179.46K","-5.95%"
"2001-10-21","21.02","21.33","21.59","20.53","181.02K","-1.55%"
"2001-10-14","21.35","21.70","21.93","20.32","129.60K","-1.75%"
"2001-10-7","21.73","21.80","23.02","21.22","120.78K","0.46%"
"2001-9-30","21.63","23.20","23.25","21.29","162.19K","-7.01%"
"2001-9-23","23.26","25.10","25.16","20.70","262.19K","-8.57%"
"2001-9-16","25.44","29.43","29.80","25.29","282.23K","-13.56%"
"2001-9-9","29.43","27.60","31.05","27.25","173.95K","6.28%"
"2001-9-2","27.69","26.50","27.80","26.06","160.71K","4.85%"
"2001-8-26","26.41","25.85","26.79","25.80","119.54K","1.77%"
"2001-8-19","25.95","24.68","26.20","24.50","164.99K","4.93%"
"2001-8-12","24.73","26.15","26.33","24.65","128.75K","-4.81%"
"2001-8-5","25.98","25.62","26.55","25.51","110.69K","1.13%"
"2001-7-29","25.69","25.19","26.18","24.67","121.19K","1.98%"
"2001-7-22","25.19","25.10","25.51","24.70","149.52K","2.23%"
"2001-7-15","24.64","24.95","25.54","23.97","173.15K","-1.32%"
"2001-7-8","24.97","26.70","26.76","24.53","156.72K","-6.86%"
"2001-7-1","26.81","26.30","26.90","25.07","132.71K","2.80%"
"2001-6-24","26.08","26.65","27.31","24.91","189.70K","-1.92%"
"2001-6-17","26.59","28.08","28.08","25.87","205.79K","-5.44%"
"2001-6-10","28.12","29.72","30.00","27.98","104.41K","-4.48%"
"2001-6-3","29.44","29.43","29.71","28.43","131.28K","1.27%"
"2001-5-27","29.07","28.47","29.35","28.38","128.00K","2.07%"
"2001-5-20","28.48","29.68","29.68","28.20","176.38K","-3.10%"
"2001-5-13","29.39","28.19","29.45","27.78","103.83K","4.26%"
"2001-5-6","28.19","27.60","28.80","27.50","79.25K","0.00%"
"2001-4-29","28.19","27.90","28.48","27.01","160.76K","1.44%"
"2001-4-22","27.79","26.35","28.00","26.20","165.37K","5.31%"
"2001-4-15","26.39","27.95","28.25","26.35","145.00K","-3.58%"
"2001-4-8","27.37","25.15","27.87","25.08","109.55K","8.74%"
"2001-4-1","25.17","24.85","25.95","24.10","148.28K","1.74%"
"2001-3-25","24.74","25.54","25.97","24.33","155.58K","-2.52%"
"2001-3-18","25.38","25.30","25.58","24.50","175.09K","1.32%"
"2001-3-11","25.05","26.10","26.25","23.75","126.09K","-4.86%"
"2001-3-4","26.33","26.18","27.25","26.18","116.38K","1.27%"
"2001-2-25","26.00","26.50","26.67","25.40","146.43K","-1.96%"
"2001-2-18","26.52","27.40","27.62","26.05","132.89K","-1.38%"
"2001-2-11","26.89","29.30","29.39","26.35","135.03K","-8.07%"
"2001-2-4","29.25","29.20","30.36","28.08","95.52K","0.21%"
"2001-1-28","29.19","26.85","29.30","26.25","171.93K","8.19%"
"2001-1-21","26.98","26.90","27.28","25.83","152.22K","-0.22%"
"2001-1-14","27.04","25.98","27.16","24.33","148.36K","5.01%"
"2001-1-7","25.75","25.33","25.90","24.12","131.12K","2.26%"
"2000-12-31","25.18","24.40","26.02","24.20","129.40K","5.49%"
"2000-12-24","23.87","24.30","24.54","23.02","64.73K","0.89%"
"2000-12-17","23.66","26.14","26.84","22.90","149.60K","-8.61%"
"2000-12-10","25.89","26.98","27.82","25.00","85.80K","-2.52%"
"2000-12-3","26.56","30.50","30.81","26.13","171.98K","-11.97%"
"2000-11-26","30.17","33.00","33.45","30.10","160.10K","-8.91%"
"2000-11-19","33.12","33.38","33.95","32.65","102.92K","0.12%"
"2000-11-12","33.08","32.30","34.00","31.95","107.90K","3.31%"
"2000-11-5","32.02","30.63","32.20","30.40","125.04K","3.79%"
"2000-10-29","30.85","30.74","31.71","30.32","131.04K","-0.32%"
"2000-10-22","30.95","32.05","32.29","30.75","147.38K","-2.12%"
"2000-10-15","31.62","31.95","32.97","30.56","148.67K","-2.77%"
"2000-10-8","32.52","30.70","35.30","30.24","109.39K","8.04%"
"2000-10-1","30.10","30.20","31.27","29.42","110.67K","0.87%"
"2000-9-24","29.84","30.25","31.27","29.25","175.06K","-4.51%"
"2000-9-17","31.25","33.80","34.98","31.20","218.40K","-8.03%"
"2000-9-10","33.98","32.20","34.37","31.30","142.29K","3.66%"
"2000-9-3","32.78","31.95","34.60","31.95","160.77K","2.92%"
"2000-8-27","31.85","31.49","32.12","30.67","92.79K","4.80%"
"2000-8-20","30.39","30.60","31.24","29.90","154.01K","-0.16%"
"2000-8-13","30.44","30.50","32.80","30.00","106.95K","-0.43%"
"2000-8-6","30.57","29.45","31.44","28.37","112.67K","4.09%"
"2000-7-30","29.37","27.35","29.55","26.65","140.39K","7.35%"
"2000-7-23","27.36","27.50","27.67","26.78","155.79K","-0.58%"
"2000-7-16","27.52","28.90","29.80","27.47","200.66K","-7.90%"
"2000-7-9","29.88","29.35","30.30","28.51","121.23K","0.61%"
"2000-7-2","29.70","30.65","31.25","28.55","157.31K","-2.85%"
"2000-6-25","30.57","30.65","31.15","29.36","141.82K","0.59%"
"2000-6-18","30.39","27.95","30.60","27.58","180.62K","7.20%"
"2000-6-11","28.35","29.85","31.70","27.69","148.10K","-4.16%"
"2000-6-4","29.58","29.40","29.63","27.90","140.56K","1.82%"
"2000-5-28","29.05","28.65","29.52","28.20","112.20K","-0.58%"
"2000-5-21","29.22","28.55","29.47","27.10","152.17K","2.20%"
"2000-5-14","28.59","27.64","29.20","27.48","139.71K","1.93%"
"2000-5-7","28.05","25.30","28.38","25.25","123.25K","10.91%"
"2000-4-30","25.29","24.10","25.70","24.05","127.58K","5.86%"
"2000-4-23","23.89","23.85","24.35","22.95","128.47K","0.25%"
"2000-4-16","23.83","22.15","24.00","21.90","127.44K","6.34%"
"2000-4-9","22.41","22.40","23.20","21.30","130.42K","-0.75%"
"2000-4-2","22.58","25.00","25.22","22.50","134.00K","-8.84%"
"2000-3-26","24.77","25.65","25.96","24.25","158.26K","-4.40%"
"2000-3-19","25.91","26.40","26.43","25.14","163.34K","-2.45%"
"2000-3-12","26.56","28.90","29.13","26.45","115.84K","-8.22%"
"2000-3-5","28.94","28.95","31.95","28.30","139.34K","-0.17%"
"2000-2-27","28.99","27.20","29.47","27.20","143.38K","5.49%"
"2000-2-20","27.48","26.35","28.00","25.73","147.88K","4.81%"
"2000-2-13","26.22","27.85","28.78","26.20","125.26K","-5.75%"
"2000-2-6","27.82","26.85","28.20","26.06","148.84K","2.77%"
"2000-1-30","27.07","25.40","27.10","25.21","185.63K","5.41%"
"2000-1-23","25.68","26.68","26.95","25.38","171.39K","-2.54%"
"2000-1-16","26.35","25.55","27.11","25.42","188.49K","3.46%"
"2000-1-9","25.47","23.04","25.56","23.04","103.38K","10.31%"
"2000-1-2","23.09","23.90","24.70","23.05","142.31K","-7.93%"