Date,Close,Open,High,Low,Volume,Fluctuation
1988/6/26,14.6,15.1,15.47,14.6,0.68,-0.0671
1988/7/3,15.05,14.5,15.45,14.3,1.5,0.0308
1988/7/10,14.18,14.7,15.12,13.79,1.81,-0.0578
1988/7/17,15.71,14.25,15.71,14.2,1.69,0.1079
1988/7/24,15.7,15.7,15.9,15.22,2.16,-0.0006
1988/7/31,14.63,15.64,15.64,14.48,1.86,-0.0682
1988/8/7,15.2,15.2,15.45,15,2.26,0.039
1988/8/14,15.1,15,15.18,14.91,4.87,-0.0066
1988/8/21,14.7,15.14,15.28,14.65,4.48,-0.0265
1988/8/28,14.21,14.58,14.8,14.16,2.71,-0.0333
1988/9/4,13.72,13.91,13.99,13.22,2.54,-0.0345
1988/9/11,13.74,13.15,14.44,12.98,11.73,0.0015
1988/9/18,13.52,13.39,13.7,13.23,7.63,-0.016
1988/9/25,12.24,13.36,13.54,12.03,9.94,-0.0947
1988/10/2,11.49,11.83,11.85,11.3,4.07,-0.0613
1988/10/9,13.11,11.8,13.15,11.8,3.78,0.141
1988/10/16,13.55,13.7,13.95,12.6,12.51,0.0336
1988/10/23,12.82,12.6,12.86,12.09,10.26,-0.0539
1988/10/30,12.95,12.78,13,12.4,6.79,0.0101
1988/11/6,13.26,13.1,13.26,12.65,4.38,0.0239
1988/11/13,12.04,13.32,13.3,11.7,7.17,-0.092
1988/11/20,14.48,11.9,14.5,11.75,20.9,0.2027
1988/11/27,14.5,14.15,15,13.95,19.85,0.0014
1988/12/4,14.47,14.45,14.75,14.03,10.38,-0.0021
1988/12/11,14.81,14.6,15.02,14.38,13.12,0.0235
1988/12/18,15.08,14.93,15.1,14.45,10.09,0.0182
1988/12/25,15.52,15.51,15.6,15.28,6.2,0.0292
1989/1/1,16.25,15.63,16.35,15.63,10.14,0.047
1989/1/8,16.12,16.16,16.35,15.72,17.38,-0.008
1989/1/15,17,16.14,17.25,16.05,18.15,0.0546
1989/1/22,16.3,16.6,16.9,15.7,17.32,-0.0412
1989/1/29,16.17,16.35,16.35,15.16,17.59,-0.008
1989/2/5,15.82,16.1,16.22,15.73,9.59,-0.0216
1989/2/12,16.01,15.25,16.06,15.23,11.98,0.012
1989/2/19,16.15,16.12,16.38,16.02,17.24,0.0087
1989/2/26,16.95,16.4,17.05,16.32,18.65,0.0495
1989/3/5,17.11,16.98,17.26,16.66,12.77,0.0094
1989/3/12,17.76,16.64,17.95,16.63,20.52,0.038
1989/3/19,18.64,18.02,18.95,17.8,20.09,0.0495
1989/3/26,19.55,19.2,19.75,18.5,21.54,0.0488
1989/4/2,18.5,18.9,19.3,18.29,19.68,-0.0537
1989/4/9,18.27,18.64,18.75,18.15,21.01,-0.0124
1989/4/16,20.27,18.63,20.45,18.54,40.52,0.1095
1989/4/23,18.94,19.9,19.85,18.53,17.78,-0.0656
1989/4/30,18.7,18.75,18.9,17.7,10.63,-0.0127
1989/5/7,17.34,18.21,18.25,17.2,19.65,-0.0727
1989/5/14,17.34,17.38,17.95,17.13,22.82,0
1989/5/21,17.39,17.01,17.75,16.68,25.59,0.0029
1989/5/28,17.5,17.38,17.84,17.34,14.27,0.0063
1989/6/4,17.56,18.02,18.1,17.23,19.41,0.0034
1989/6/11,16.2,17,17,16,27.32,-0.0774
1989/6/18,16.9,16.1,17.37,16.03,34.09,0.0432
1989/6/25,17.49,17.35,17.61,17.25,24.54,0.0349
1989/7/2,17.5,17.58,18.27,17.5,22.71,0.0006
1989/7/9,17.25,17.6,17.6,16.97,20.55,-0.0143
1989/7/16,17.52,17.27,17.67,17.25,20.34,0.0157
1989/7/23,16.65,17.31,17.31,16.5,29.18,-0.0497
1989/7/30,16.4,16.4,16.82,16.31,24.94,-0.015
1989/8/6,16.91,16.4,17.15,16.28,15.86,0.0311
1989/8/13,16.85,16.84,17.07,16.68,19.83,-0.0035
1989/8/20,16.85,16.9,17.05,16.8,17.8,0
1989/8/27,17.2,16.95,17.3,16.94,15.87,0.0208
1989/9/3,17.72,17.22,17.86,17.22,18.87,0.0302
1989/9/10,17.58,17.74,17.84,17.5,18.78,-0.0079
1989/9/17,17.6,17.8,17.9,17.54,19.29,0.0011
1989/9/24,18.16,17.4,18.2,17.18,26.43,0.0318
1989/10/1,18.22,18.33,18.52,18.15,16.06,0.0033
1989/10/8,18.9,18.15,18.97,18.11,31.98,0.0373
1989/10/15,18.74,18.81,19.2,18.55,30.26,-0.0085
1989/10/22,18.38,18.74,18.74,18.13,29.26,-0.0192
1989/10/29,18.85,18.58,19.15,18.55,27.42,0.0256
1989/11/5,19.11,18.99,19.15,18.73,18.66,0.0138
1989/11/12,18.55,18.55,18.61,18.33,23.91,-0.0293
1989/11/19,18.44,18.56,18.69,18.34,17.2,-0.0059
1989/11/26,18.66,18.47,18.7,18.07,24.38,0.0119
1989/12/3,19.12,19.05,19.41,18.97,27.85,0.0247
1989/12/10,19.13,19.07,19.28,18.92,18.16,0.0005
1989/12/17,19.76,19.34,19.82,19.34,23.29,0.0329
1989/12/24,20.28,20.2,20.3,19.93,12.56,0.0263
1989/12/31,22,20.2,22.28,20.15,19.36,0.0848
1990/1/7,20.05,21.4,21.41,19.35,27.86,-0.0886
1990/1/14,19.92,19.9,19.97,19.05,32.5,-0.0065
1990/1/21,19.86,20.04,20.04,19.02,31.89,-0.003
1990/1/28,20.19,19.78,20.2,19.55,21.19,0.0166
1990/2/4,19.6,20.15,20.2,19.4,27.41,-0.0292
1990/2/11,19.68,19.28,19.9,19.19,30.76,0.0041
1990/2/18,19.19,19.7,19.7,19.16,14.92,-0.0249
1990/2/25,19.28,19.12,19.68,19.12,28.6,0.0047
1990/3/4,18.88,19.3,19.52,18.82,26.73,-0.0207
1990/3/11,18.56,18.7,18.82,18.48,33.47,-0.0169
1990/3/18,18.4,18.4,18.41,18,30.83,-0.0086
1990/3/25,18.38,18.34,18.6,18.18,21.39,-0.0011
1990/4/1,17.8,18.49,18.65,17.4,31.96,-0.0316
1990/4/8,16.82,17.3,17.45,15.94,13.7,-0.0551
1990/4/15,17.21,17.1,17.37,16.2,14.8,0.0232
1990/4/22,17.08,17.41,17.89,16.97,22.9,-0.0076
1990/4/29,16.33,17.2,17.55,16.3,32.18,-0.0439
1990/5/6,17.6,16.7,17.77,16.7,16.74,0.0778
1990/5/13,17.69,17.78,18.16,17.67,37.91,0.0051
1990/5/20,16.52,17.65,17.75,16.45,26.03,-0.0661
1990/5/27,16.37,16.61,17.05,16.1,28.89,-0.0091
1990/6/3,15.65,16.4,16.46,15.33,22.29,-0.044
1990/6/10,16.11,15.55,16.4,15.5,24.87,0.0294
1990/6/17,16.17,16.17,16.2,15.44,34.28,0.0037
1990/6/24,16.14,16.25,16.35,15.7,29.07,-0.0019
1990/7/1,15.86,16.83,16.83,15.68,30.79,-0.0173
1990/7/8,17.43,15.8,17.78,15.53,37.91,0.099
1990/7/15,18.75,17.9,18.9,17.7,27.12,0.0757
1990/7/22,19.22,18.85,19.74,18.85,14,0.0251
1990/7/29,23.48,19.3,24.2,19.3,25.63,0.2216
1990/8/5,25.47,26.5,28.65,24,23.02,0.0848
1990/8/12,27.12,25.7,27.12,25.57,17.5,0.0648
1990/8/19,30.1,27,31.1,26.85,86.18,0.1099
1990/8/26,26.75,25.5,26.77,24.2,35.05,-0.1113
1990/9/2,30.25,27.6,31,27.6,60.42,0.1308
1990/9/9,30.72,29.5,31.5,28.35,50.73,0.0155
1990/9/16,34.76,31,34.8,30.95,65.58,0.1315
1990/9/23,39.1,35.5,39.15,35.4,61.81,0.1249
1990/9/30,37.35,38.2,38.7,33.75,48.17,-0.0448
1990/10/7,39.49,37,40.95,36.75,40.11,0.0573
1990/10/14,31.01,38.9,38.9,30.75,78.46,-0.2147
1990/10/21,32.05,29.1,35.7,26.05,108.82,0.0335
1990/10/28,33.55,33.85,35.18,33.1,68.19,0.0468
1990/11/4,33.5,33.2,35,31.1,51.89,-0.0015
1990/11/11,29,32.4,33.3,28.7,69.94,-0.1343
1990/11/18,31,28.1,31.2,27.95,50.75,0.069
1990/11/25,29.2,33,33.6,29.05,64.53,-0.0581
1990/12/2,27.18,29,30.7,25.45,86.14,-0.0692
1990/12/9,27.7,27.55,28.3,25.5,56.09,0.0191
1990/12/16,25.78,26,26.7,25.45,43.87,-0.0693
1990/12/23,27.04,26.5,27.1,26.3,14.83,0.0489
1990/12/30,23.56,27.35,28.35,23.3,55.05,-0.1287
1991/1/6,25.67,25.7,28,22.05,90.79,0.0896
1991/1/13,18.2,28.6,31.2,17.9,97.28,-0.291
1991/1/20,20,19.05,21.8,18.9,184.62,0.0989
1991/1/27,19.82,19.85,20.9,19.47,57.81,-0.009
1991/2/3,19.98,20,20.6,19.5,46.87,0.0081
1991/2/10,17.04,20.4,20.9,16.3,75.04,-0.1471
1991/2/17,16.62,17.05,17.65,16,61.25,-0.0246
1991/2/24,18.89,16.3,18.9,16.15,70.06,0.1366
1991/3/3,18.81,18.95,19.78,18.52,40.87,-0.0042
1991/3/10,17.73,18.35,20.9,17.65,43.5,-0.0574
1991/3/17,18.57,17.4,18.9,17.4,50.64,0.0474
1991/3/24,17.95,18.4,18.43,17.74,44.03,-0.0334
1991/3/31,18.61,17.88,18.75,17.6,42.43,0.0368
1991/4/7,20.02,18.82,20.15,18.7,57.83,0.0758
1991/4/14,19.14,20.21,20.3,18.92,61.1,-0.044
1991/4/21,19.61,19.15,19.93,19.06,55.51,0.0246
1991/4/28,19.66,19.65,19.8,19.22,48.68,0.0025
1991/5/5,19.6,19.95,20.37,19.48,52.92,-0.0031
1991/5/12,19.58,19.5,19.64,18.94,48.68,-0.001
1991/5/19,19.35,19.7,19.77,19.09,48.35,-0.0117
1991/5/26,19.21,19.4,20,19.13,43.37,-0.0072
1991/6/2,18.5,19.25,19.35,18.18,56.04,-0.037
1991/6/9,18.14,18.5,18.5,17.71,59.39,-0.0195
1991/6/16,18.54,18.1,18.6,18.05,55.14,0.0221
1991/6/23,18.72,18.5,18.82,18.16,51.31,0.0097
1991/6/30,18.92,18.75,18.96,18.61,37.28,0.0107
1991/7/7,19.74,18.95,19.91,18.9,48.26,0.0433
1991/7/14,20.21,19.65,20.22,19.45,52.97,0.0238
1991/7/21,19.62,20.18,20.19,19.3,60.62,-0.0292
1991/7/28,19.5,19.6,19.86,19.37,56.91,-0.0061
1991/8/4,19.6,19.45,19.74,19.18,76.73,0.0051
1991/8/11,19.48,19.64,19.74,19.24,45.91,-0.0061
1991/8/18,19.98,20.2,22.2,19.58,135.7,0.0257
1991/8/25,20.7,20.1,20.7,19.97,47.45,0.036
1991/9/1,20.07,20.7,20.7,20.06,45.17,-0.0304
1991/9/8,20.32,19.99,20.34,19.78,49.46,0.0125
1991/9/15,20.44,20.35,20.55,20.12,49.3,0.0059
1991/9/22,21.17,20.45,21.19,20.44,83.07,0.0357
1991/9/29,21.44,20.14,21.57,20.79,62.76,0.0128
1991/10/6,22.04,21.4,22.13,21.29,64.75,0.028
1991/10/13,22.59,22.1,22.83,21.99,89.28,0.025
1991/10/20,21.79,22.65,22.68,21.65,76.17,-0.0354
1991/10/27,22.51,21.6,22.52,21.57,74.42,0.033
1991/11/3,21.84,22.6,22.66,21.79,82.29,-0.0298
1991/11/10,21.59,21.8,21.82,20.95,71.79,-0.0114
1991/11/17,19.96,21.8,21.81,19.95,76.79,-0.0755
1991/11/24,20.13,20.15,20.39,19.58,63.46,0.0085
1991/12/1,18.88,20.25,20.27,18.86,84.05,-0.0621
1991/12/8,18.81,18.78,19.15,17.71,69.56,-0.0037
1991/12/15,17.4,18.88,18.88,17.37,64.39,-0.075
1991/12/22,17.68,17.4,17.88,17.3,19.33,0.0161
1991/12/29,18.12,17.85,18.68,17.52,41.86,0.0249
1992/1/5,17.24,18.05,18.35,16.68,84.31,-0.0486
1992/1/12,18.32,17.35,18.68,17.35,68.4,0.0626
1992/1/19,18.22,18.35,18.37,17.54,76.98,-0.0055
1992/1/26,18.15,18.24,18.45,17.85,64.75,-0.0038
1992/2/2,18.86,18.13,18.88,18.09,61.58,0.0391
1992/2/9,18.5,18.8,19.04,18.03,54.79,-0.0191
1992/2/16,17.71,17.8,17.9,17.28,69.17,-0.0427
1992/2/23,17.55,17.72,17.72,17.13,69.36,-0.009
1992/3/1,17.38,17.5,17.66,17.18,58.58,-0.0097
1992/3/8,17.87,17.39,17.95,17.36,57.22,0.0282
1992/3/15,17.68,17.9,18.1,17.67,55.06,-0.0106
1992/3/22,17.91,17.73,18.06,17.7,47.83,0.013
1992/3/29,18.76,17.91,18.77,17.9,61.33,0.0475
1992/4/5,19.09,18.88,19.29,18.8,67.16,0.0176
1992/4/12,18.99,19.1,19.25,18.52,59.18,-0.0052
1992/4/19,18.86,19.06,19.06,18.55,46.31,-0.0068
1992/4/26,19.7,18.89,19.77,18.86,76.54,0.0445
1992/5/3,19.7,19.95,19.95,19.48,51.31,0
1992/5/10,19.59,19.75,20.19,19.44,54.99,-0.0056
1992/5/17,19.72,19.59,19.78,19.12,71.88,0.0066
1992/5/24,20.79,19.99,20.92,19.99,75.75,0.0543
1992/5/31,21.3,20.8,21.38,20.63,81.83,0.0245
1992/6/7,21.1,21.3,21.36,20.75,84.26,-0.0094
1992/6/14,21.09,20.97,21.25,20.91,50.87,-0.0005
1992/6/21,21.17,20.9,21.61,20.7,82.97,0.0038
1992/6/28,20.8,21.2,21.37,20.35,71.62,-0.0175
1992/7/5,19.86,20.83,20.83,19.8,94.47,-0.0452
1992/7/12,20.13,19.9,20.48,19.81,75.81,0.0136
1992/7/19,20.71,20.04,20.83,19.99,80.45,0.0288
1992/7/26,20.47,20.5,20.79,20.29,69.15,-0.0116
1992/8/2,19.86,20.37,20.42,19.81,75.28,-0.0298
1992/8/9,20,19.9,20.11,19.53,70.34,0.007
1992/8/16,19.68,20.1,20.13,19.65,67.61,-0.016
1992/8/23,19.87,19.63,20.15,19.6,86.1,0.0097
1992/8/30,20.19,19.95,20.2,19.9,54.06,0.0161
1992/9/6,20.43,20.19,20.49,20.19,71.28,0.0119
1992/9/13,20.31,20.49,20.76,20.3,81.42,-0.0059
1992/9/20,20.33,20.25,20.7,20.21,67.62,0.001
1992/9/27,20.5,20.34,20.55,20.2,64.9,0.0084
1992/10/4,20.9,20.43,20.93,20.28,68.06,0.0195
1992/10/11,20.81,20.82,20.93,20.63,65.92,-0.0043
1992/10/18,19.98,20.95,20.95,19.95,87.47,-0.0399
1992/10/25,19.45,20.07,20.16,19.2,107.28,-0.0265
1992/11/1,19.19,19.5,19.67,18.88,98.12,-0.0134
1992/11/8,19.01,19.12,19.7,18.92,76.13,-0.0094
1992/11/15,19.36,18.95,19.49,18.89,87.37,0.0184
1992/11/22,18.95,19.16,19.24,18.73,84.85,-0.0212
1992/11/29,18.05,19.16,19.26,18.02,110.52,-0.0475
1992/12/6,18.1,18.09,18.45,17.65,96.19,0.0028
1992/12/13,18.56,18.05,18.65,17.87,91.37,0.0254
1992/12/20,18.7,18.68,18.72,18.46,51.24,0.0075
1992/12/27,18.29,18.47,18.49,18.17,36.81,-0.0219
1993/1/3,17.48,18.2,18.21,17.47,117.15,-0.0443
1993/1/10,17.5,17.55,17.72,16.82,97.84,0.0011
1993/1/17,17.31,17.63,17.75,16.87,103.83,-0.0109
1993/1/24,18.47,17.45,18.69,17.45,129.51,0.067
1993/1/31,18.56,18.45,18.7,18.17,87.73,0.0049
1993/2/7,18.21,18.55,18.56,18.18,94.34,-0.0189
1993/2/14,18.28,18.15,18.31,17.62,93.1,0.0038
1993/2/21,18.92,18.35,19.2,18.34,112.27,0.035
1993/2/28,19.37,18.93,19.68,18.8,94.78,0.0238
1993/3/7,18.89,19.34,19.36,18.49,117.92,-0.0248
1993/3/14,18.62,19.01,19.11,18.52,72.89,-0.0143
1993/3/21,18.75,18.78,18.81,18.25,98.57,0.007
1993/3/28,19.11,18.82,19.15,18.61,83.48,0.0192
1993/4/4,18.77,19.07,19.23,18.68,83.28,-0.0178
1993/4/11,18.81,18.98,19.03,18.73,79.2,0.0021
1993/4/18,18.91,18.82,18.98,18.71,77.49,0.0053
1993/4/25,19.15,18.98,19.24,18.72,67.36,0.0127
1993/5/2,19.19,19.25,19.3,18.96,78.82,0.0021
1993/5/9,18.6,19.25,19.27,18.51,89.64,-0.0307
1993/5/16,18.43,18.48,18.53,18.1,98.05,-0.0091
1993/5/23,18.6,18.43,18.73,18.31,81.75,0.0092
1993/5/30,18.31,18.61,18.77,18.26,64.37,-0.0156
1993/6/6,17.66,18.33,18.45,17.55,105.69,-0.0355
1993/6/13,17.56,17.73,17.84,17.32,105,-0.0057
1993/6/20,17.45,17.65,17.73,17.33,89.88,-0.0063
1993/6/27,16.74,17.6,17.78,16.65,111.2,-0.0407
1993/7/4,16.65,16.8,17.2,16.44,97.85,-0.0054
1993/7/11,16.31,16.85,17.1,16.23,106.06,-0.0204
1993/7/18,16.69,16.25,17.06,15.9,144.57,0.0233
1993/7/25,16.75,16.77,17.27,16.68,116.57,0.0036
1993/8/1,16.4,16.7,16.84,16.3,88.7,-0.0209
1993/8/8,17.04,16.4,17.17,16.25,103.9,0.039
1993/8/15,17.09,17.09,17.21,16.85,73.78,0.0029
1993/8/22,17.46,17.15,17.55,16.95,114.68,0.0217
1993/8/29,16.53,17.33,17.38,16.52,99.42,-0.0533
1993/9/5,15.71,16.59,16.62,15.47,108.13,-0.0496
1993/9/12,16.13,15.68,16.16,15.53,74.46,0.0267
1993/9/19,16.29,16.23,16.98,15.9,162.21,0.0099
1993/9/26,17.3,16.55,17.57,16.31,165.68,0.062
1993/10/3,17.19,17.42,17.44,16.86,99.52,-0.0064
1993/10/10,16.93,17.24,17.48,16.86,87.77,-0.0151
1993/10/17,16.85,16.9,17.24,16.77,99.7,-0.0047
1993/10/24,15.8,16.82,16.86,15.8,126.38,-0.0623
1993/10/31,15.86,15.9,16.41,15.6,121.51,0.0038
1993/11/7,15.49,15.85,15.92,15.21,115.65,-0.0233
1993/11/14,15.79,15.51,16.22,15.38,101.13,0.0194
1993/11/21,14.48,15.88,16.07,14.18,146.35,-0.083
1993/11/28,14.08,14.15,14.64,13.64,139.97,-0.0276
1993/12/5,14.03,14.1,14.2,13.27,131.5,-0.0036
1993/12/12,13.56,14.16,14.25,13.32,141.28,-0.0335
1993/12/19,13.64,13.68,13.84,13.43,82.27,0.0059
1993/12/26,13.2,13.25,13.53,13.2,40.01,-0.0323
1994/1/2,14.23,13.55,14.58,13.42,120.22,0.078
1994/1/9,13.94,14.25,14.3,13.44,127.01,-0.0204
1994/1/16,13.87,14.05,14.23,13.72,126.29,-0.005
1994/1/23,14.31,13.75,14.43,13.68,125.6,0.0317
1994/1/30,14.41,14.31,15.13,14.05,102.84,0.007
1994/2/6,13.63,14.31,14.41,13.33,111.02,-0.0541
1994/2/13,13.12,13.82,13.93,12.9,89.18,-0.0374
1994/2/20,13.47,13.11,13.72,13.05,94.94,0.0267
1994/2/27,13.45,13.54,13.71,13.33,84.53,-0.0015
1994/3/6,13.65,13.4,13.67,12.99,98.13,0.0149
1994/3/13,13.63,13.55,14.09,13.43,108.59,-0.0015
1994/3/20,14.11,13.75,14.15,13.62,106.02,0.0352
1994/3/27,13.25,13.3,13.4,12.95,93.95,-0.0609
1994/4/3,14.36,14.2,14.66,14.05,101.46,0.0838
1994/4/10,15.12,14.35,15.16,14.35,109.54,0.0529
1994/4/17,15.74,15.1,15.75,14.7,135.66,0.041
1994/4/24,15.69,15.65,15.87,15.08,118.02,-0.0032
1994/5/1,16.28,15.85,16.34,15.45,109.35,0.0376
1994/5/8,16.59,16.32,16.72,15.9,129.05,0.019
1994/5/15,16.55,16.4,16.58,15.7,133.9,-0.0024
1994/5/22,16.39,16.49,16.79,15.95,99.44,-0.0097
1994/5/29,16.37,16.39,16.72,16.17,73.81,-0.0012
1994/6/5,16.39,16.37,16.57,15.73,108.37,0.0012
1994/6/12,17.41,16.39,17.42,16.26,90.43,0.0622
1994/6/19,17.38,17.2,17.76,17.04,106.16,-0.0017
1994/6/26,17.57,17.37,17.73,16.92,98.62,0.0109
1994/7/3,17.37,17.59,17.59,17.01,78.03,-0.0114
1994/7/10,17.77,17.4,18.67,17.4,147.04,0.023
1994/7/17,17.84,17.68,17.94,17.18,104.49,0.0039
1994/7/24,18.59,17.85,18.68,17.5,127.24,0.042
1994/7/31,17.86,18.9,19.41,17.7,120.99,-0.0393
1994/8/7,16.95,18.15,18.26,16.9,101.17,-0.051
1994/8/14,16.3,17,17.14,16.25,138.55,-0.0383
1994/8/21,16.04,16.39,16.49,15.6,98.46,-0.016
1994/8/28,16.32,16.04,16.6,16.04,75.16,0.0175
1994/9/4,16.22,16.15,16.69,15.85,86.31,-0.0061
1994/9/11,15.79,16.34,16.35,15.35,83.74,-0.0265
1994/9/18,16.66,15.83,16.7,15.72,92.42,0.0551
1994/9/25,17.15,16.65,17.2,16.2,115.7,0.0294
1994/10/2,16.93,17.1,17.32,16.7,104.21,-0.0128
1994/10/9,15.81,17.25,17.25,15.62,97.78,-0.0662
1994/10/16,16.26,15.78,16.63,15.76,108.93,0.0285
1994/10/23,17.01,16.36,17.07,16.28,130.64,0.0461
1994/10/30,17.74,17.08,17.94,16.74,125.34,0.0429
1994/11/6,17.46,17.7,17.7,16.85,112.4,-0.0158
1994/11/13,16.72,17.33,17.65,16.34,123.5,-0.0424
1994/11/20,17.16,17,17.25,16.82,106.4,0.0263
1994/11/27,16.19,17.15,17.17,16.07,95.11,-0.0565
1994/12/4,16.26,16.25,16.56,15.7,110.17,0.0043
1994/12/11,15.88,16.2,16.35,15.6,110.88,-0.0234
1994/12/18,15.92,15.91,16.1,15.84,57.9,0.0025
1994/12/25,16.5,16.25,16.6,16.2,50.41,0.0364
1995/1/1,16.5,16.48,16.82,16.05,103.05,0
1995/1/8,16.38,16.45,16.78,16.11,105.07,-0.0073
1995/1/15,16.87,16.35,16.98,16.26,129.27,0.0299
1995/1/22,16.39,16.85,17.08,16.33,144.21,-0.0285
1995/1/29,17.2,16.39,17.22,16.35,133.05,0.0494
1995/2/5,17.33,17.28,17.35,16.95,133.84,0.0076
1995/2/12,17.14,17.47,17.57,16.63,70.79,-0.011
1995/2/19,17.08,17.18,17.18,16.8,86.91,-0.0035
1995/2/26,16.87,17.1,17.16,16.55,86.26,-0.0123
1995/3/5,16.46,16.88,17.02,16.4,92.38,-0.0243
1995/3/12,16.63,16.47,16.68,16.36,86.76,0.0103
1995/3/19,17.12,16.7,17.35,16.7,113.07,0.0295
1995/3/26,17.5,17.1,17.6,17.1,102.46,0.0222
1995/4/2,18.23,17.42,18.36,17.28,122.93,0.0417
1995/4/9,17.62,18.14,18.97,17.48,151.13,-0.0335
1995/4/16,18.79,18.25,18.82,18.21,113,0.0664
1995/4/23,19.06,18.8,19.17,18.41,121.64,0.0144
1995/4/30,19,19.25,19.38,18.4,100.13,-0.0031
1995/5/7,18.52,18.9,18.95,18.12,86.81,-0.0253
1995/5/14,18.39,18.48,18.92,18.16,95.99,-0.007
1995/5/21,17.36,18.55,18.56,17.31,106.37,-0.056
1995/5/28,17.94,17.65,17.96,17.33,74.42,0.0334
1995/6/4,17.69,17.96,18.24,17.46,83.9,-0.0139
1995/6/11,17.34,17.7,17.96,17.33,76.67,-0.0198
1995/6/18,16.45,17.24,17.24,16.2,119.11,-0.0513
1995/6/25,16.38,16.42,16.96,16.27,92.28,-0.0043
1995/7/2,16.05,16.4,16.4,16,68.99,-0.0201
1995/7/9,16.06,16.05,16.4,15.8,92.77,0.0006
1995/7/16,15.59,15.95,16,15.45,97.7,-0.0293
1995/7/23,16.01,15.53,16.34,15.41,108.28,0.0269
1995/7/30,16.23,15.95,16.37,15.92,94.3,0.0137
1995/8/6,16.26,16.21,16.38,16.09,70.27,0.0018
1995/8/13,16.04,16.14,16.17,15.76,77.67,-0.0135
1995/8/20,16.17,16.12,16.51,16.1,110.77,0.0081
1995/8/27,16.43,16.17,16.45,16.05,69.53,0.0161
1995/9/3,16.74,16.45,16.89,16.45,102.19,0.0189
1995/9/10,16.8,16.75,17.04,16.68,105.36,0.0036
1995/9/17,15.96,16.79,16.92,15.83,124.93,-0.05
1995/9/24,16.12,16.06,16.4,15.99,98.43,0.01
1995/10/1,15.76,16.16,16.27,15.58,105.76,-0.0223
1995/10/8,16.23,15.78,16.26,15.77,93.51,0.0298
1995/10/15,15.88,16.4,16.4,15.74,75.16,-0.0216
1995/10/22,16.28,15.92,16.36,15.7,111.54,0.0252
1995/10/29,16.63,16.27,16.71,16.21,90.26,0.0215
1995/11/5,16.58,16.71,16.75,16.35,96.81,-0.003
1995/11/12,16.93,16.63,17.01,16.41,103.1,0.0211
1995/11/19,16.79,16.88,16.89,16.61,72.49,-0.0083
1995/11/26,17.25,16.82,17.3,16.82,111.87,0.0274
1995/12/3,17.76,17.3,17.8,17.27,110.92,0.0296
1995/12/10,17.83,17.79,18.12,17.33,106.1,0.0039
1995/12/17,17.82,17.8,17.98,17.71,72.26,-0.0006
1995/12/24,18.33,18.13,18.53,18.1,44.06,0.0286
1995/12/31,19.05,18.55,19.07,18.27,85.91,0.0393
1996/1/7,17.41,19.25,19.31,17.26,129.8,-0.0861
1996/1/14,17.12,17.51,17.85,16.6,97.09,-0.0167
1996/1/21,16.49,16.81,17.05,16.1,125.22,-0.0368
1996/1/28,16.71,16.65,16.89,15.93,114.49,0.0133
1996/2/4,16.78,16.71,16.9,16.43,98.36,0.0042
1996/2/11,17.1,16.76,18.03,16.72,101.25,0.0191
1996/2/18,17.55,17.1,18.45,17.05,81.01,0.0263
1996/2/25,17.76,17.75,18.11,17.45,103.71,0.012
1996/3/3,18.19,17.55,18.53,17.2,117.93,0.0242
1996/3/10,18.18,18.05,19.2,17.78,99.29,-0.0005
1996/3/17,19.62,18.25,19.63,18.2,128,0.0792
1996/3/24,19.41,19.5,20.3,18.92,114.39,-0.0107
1996/3/31,20.25,19.4,20.3,19.38,61.84,0.0433
1996/4/7,21.75,20.58,23.3,20.45,120.45,0.0741
1996/4/14,18.53,21.45,21.98,18.08,137.92,-0.148
1996/4/21,19.8,18.41,20.87,18.36,121.45,0.0685
1996/4/28,19.17,19.82,19.93,18.56,93.29,-0.0318
1996/5/5,19.05,19.28,19.68,18.67,82.95,-0.0063
1996/5/12,17.54,19.3,19.57,17.52,90.9,-0.0793
1996/5/19,19.1,17.53,19.4,16.75,143.35,0.0889
1996/5/26,17.8,19.23,19.23,17.75,96.19,-0.0681
1996/6/2,18.28,17.76,18.59,17.62,106.09,0.027
1996/6/9,17.85,18.33,18.43,17.48,96.78,-0.0235
1996/6/16,18.06,17.93,18.8,17.89,108.1,0.0118
1996/6/23,18.91,18,19.24,17.95,100.08,0.0471
1996/6/30,19.74,18.93,19.8,18.91,83.64,0.0439
1996/7/7,20.01,19.65,20.05,19.11,98.88,0.0137
1996/7/14,19.22,19.93,20.55,19.06,95.41,-0.0395
1996/7/21,18.72,19.15,19.57,18.67,95.82,-0.026
1996/7/28,19.59,18.84,19.78,18.67,113.87,0.0465
1996/8/4,19.93,19.9,20.05,19.21,103.09,0.0174
1996/8/11,20.53,20.01,20.81,19.87,84.72,0.0301
1996/8/18,20.41,20.6,20.98,20.16,95.05,-0.0058
1996/8/25,20.78,20.12,21,19.95,87.31,0.0181
1996/9/1,22.54,21.48,22.85,21.45,116.16,0.0847
1996/9/8,24.12,22.54,24.39,22.31,99.92,0.0701
1996/9/15,21.99,22.52,22.55,21.5,95.72,-0.0883
1996/9/22,23.47,22.03,23.49,21.83,94.94,0.0673
1996/9/29,23.85,23.52,23.88,22.67,111.71,0.0162
1996/10/6,23.98,23.8,24.7,23.54,82.71,0.0055
1996/10/13,24.53,24.15,25.06,23.72,72.92,0.0229
1996/10/20,24.22,24.65,24.84,23.65,99.8,-0.0126
1996/10/27,22.5,24.23,24.56,22.45,106.45,-0.071
1996/11/3,22.98,22.59,23,22.11,103.37,0.0213
1996/11/10,23.3,23.15,23.99,22.75,103.89,0.0139
1996/11/17,23.03,23.18,23.7,22.38,119.77,-0.0116
1996/11/24,22.77,23.15,23.18,22.49,75.23,-0.0113
1996/12/1,24.54,22.85,24.65,22.68,107.27,0.0777
1996/12/8,23.53,24.25,24.25,22,101.26,-0.0412
1996/12/15,23.46,23.55,24.25,23.21,72.67,-0.003
1996/12/22,23.42,23.4,23.67,23.16,32.47,-0.0017
1996/12/29,24.12,23.6,24.61,23.55,50.68,0.0299
1997/1/5,24.34,24.16,24.91,24.15,98.82,0.0091
1997/1/12,22.54,24.46,24.6,22.53,92.52,-0.074
1997/1/19,22.26,22.4,22.91,22.25,116.72,-0.0124
1997/1/26,22.52,22.25,23.25,22,117.2,0.0117
1997/2/2,20.95,22.45,22.77,20.89,118.59,-0.0697
1997/2/9,20.49,21.17,21.38,20.3,89.55,-0.022
1997/2/16,19.79,20.4,20.74,19.76,78.96,-0.0342
1997/2/23,18.85,19.75,19.87,18.8,125.6,-0.0475
1997/3/2,19.86,18.95,20.07,18.68,119.61,0.0536
1997/3/9,20.14,19.85,20.35,18.9,103.31,0.0141
1997/3/16,19.99,19.8,20.84,19.38,130.24,-0.0074
1997/3/23,19.38,19.92,19.92,19.2,115.72,-0.0305
1997/3/30,17.68,19.06,19.27,17.65,97.7,-0.0877
1997/4/6,17.88,17.9,18.34,17.54,95.9,0.0113
1997/4/13,17.92,18.05,18.3,17.61,103.27,0.0022
1997/4/20,18.27,18.05,18.64,17.81,114.67,0.0195
1997/4/27,17.97,18.23,18.75,17.88,100.21,-0.0164
1997/5/4,18.93,17.97,18.94,17.87,75.98,0.0534
1997/5/11,20.35,19,20.6,19,85.58,0.075
1997/5/18,20,20.1,20.36,19.75,98.13,-0.0172
1997/5/25,19.4,19.84,19.88,19.09,85.33,-0.03
1997/6/1,17.7,19.31,19.62,17.59,112.85,-0.0876
1997/6/8,17.69,17.75,17.9,17.32,86.05,-0.0006
1997/6/15,17.67,17.85,18.32,17.48,118.63,-0.0011
1997/6/22,18.18,17.86,18.45,17.7,105.78,0.0289
1997/6/29,18.06,18.35,18.96,18.04,112.45,-0.0066
1997/7/6,18.09,18.08,18.4,17.85,88.58,0.0017
1997/7/13,18.12,18.21,18.79,17.8,119.93,0.0017
1997/7/20,18.53,18.12,18.59,17.98,85.35,0.0226
1997/7/27,18.95,18.63,19.09,18.35,124.2,0.0227
1997/8/3,18.48,18.9,19.64,18.28,111.59,-0.0248
1997/8/10,18.99,18.4,19.29,18.35,88.88,0.0276
1997/8/17,18.54,18.85,19.29,18.45,104.94,-0.0237
1997/8/24,18.51,18.25,18.75,18.1,87.69,-0.0016
1997/8/31,18.47,18.5,18.75,18.15,94.52,-0.0022
1997/9/7,18.26,18.55,18.56,18.2,99.02,-0.0114
1997/9/14,18.4,18.2,18.8,18.16,95.8,0.0077
1997/9/21,19.56,18.53,19.6,18.48,127.08,0.063
1997/9/28,21.61,19.54,21.67,19.43,136.87,0.1048
1997/10/5,20.73,21.63,21.75,20.45,110.97,-0.0407
1997/10/12,19.75,20.42,20.62,19.49,104.63,-0.0473
1997/10/19,19.89,19.85,20.39,19.63,102.16,0.0071
1997/10/26,20.02,20.1,20.32,19.3,139.5,0.0065
1997/11/2,19.79,20.45,20.45,19.35,91.49,-0.0115
1997/11/9,20.05,20.08,20.15,19.44,105.72,0.0131
1997/11/16,18.88,19.71,19.78,18.54,131.96,-0.0584
1997/11/23,18.94,18.84,19.13,18.36,94.49,0.0032
1997/11/30,18.13,18.44,18.48,17.87,109.26,-0.0428
1997/12/7,17.31,18.27,18.34,17.2,83.61,-0.0452
1997/12/14,17.53,17.25,18.01,17.1,98.54,0.0127
1997/12/21,17.33,17.35,17.49,17.15,30.79,-0.0114
1997/12/28,16.42,17.13,17.18,16.4,64.13,-0.0525
1998/1/4,15.5,16.25,16.29,15.45,147.07,-0.056
1998/1/11,15.47,15.1,15.72,15.1,102,-0.0019
1998/1/18,14.74,15.69,15.89,14.7,119.07,-0.0472
1998/1/25,15.96,14.9,16.73,14.86,151.18,0.0828
1998/2/1,15.3,15.95,15.95,14.96,112.13,-0.0414
1998/2/8,14.85,15.3,15.37,14.5,111.59,-0.0294
1998/2/15,14.67,14.85,15.3,14.22,116.02,-0.0121
1998/2/22,14.17,14.12,14.53,13.73,150.67,-0.0341
1998/3/1,13.59,14.3,14.3,13.57,118.66,-0.0409
1998/3/8,12.76,13.45,13.45,12.7,140.61,-0.0611
1998/3/15,13.22,12.65,13.52,11.9,157.71,0.0361
1998/3/22,15.4,14.9,15.82,14.15,195.1,0.1649
1998/3/29,14.41,15.45,15.52,13.91,117.67,-0.0643
1998/4/5,14,14.35,14.35,13.57,101.25,-0.0285
1998/4/12,14.36,13.7,14.95,13.32,115.39,0.0257
1998/4/19,13.9,14.35,14.68,13.81,147.24,-0.032
1998/4/26,15.13,13.98,15.26,13.75,136.14,0.0885
1998/5/3,14.69,14.85,14.95,14.44,122.66,-0.0291
1998/5/10,14.4,14.7,15.29,14.31,110.64,-0.0197
1998/5/17,14.06,14.28,14.52,13.65,140.88,-0.0236
1998/5/24,14.37,14.07,14.44,13.65,118.26,0.022
1998/5/31,14.6,14.21,14.76,13.76,120.84,0.016
1998/6/7,12.41,14.53,14.57,12.4,135.79,-0.15
1998/6/14,12.85,12.55,13.49,12.15,150.7,0.0355
1998/6/21,13.21,13,14.39,12.95,183.08,0.028
1998/6/28,13.55,13.15,13.7,13.07,97.94,0.0257
1998/7/5,12.86,13.46,13.54,12.7,102.12,-0.0509
1998/7/12,12.8,12.68,13.36,12.6,106.87,-0.0047
1998/7/19,12.83,12.85,13.01,12.25,118.25,0.0023
1998/7/26,13.09,12.9,13.25,12.82,118.56,0.0203
1998/8/2,12.59,13.06,13.06,12.42,109.29,-0.0382
1998/8/9,12.05,12.6,12.69,11.55,123.89,-0.0429
1998/8/16,12.27,12.55,12.68,12.02,114.51,0.0183
1998/8/23,12.56,12.3,12.7,11.98,136.87,0.0236
1998/8/30,13.31,12.3,13.72,12.19,120.25,0.0597
1998/9/6,12.93,13.4,13.74,12.75,127.12,-0.0285
1998/9/13,14.17,13.09,14.31,12.83,142,0.0959
1998/9/20,14.43,14.33,14.9,14.1,135.32,0.0183
1998/9/27,14.36,14.53,14.9,13.93,122.73,-0.0049
1998/10/4,13.27,14.13,14.29,12.95,128.82,-0.0759
1998/10/11,13.13,13.29,13.4,12.5,104.08,-0.0106
1998/10/18,12.76,13.25,13.36,12.22,175.5,-0.0282
1998/10/25,13.22,13,13.38,12.72,151.99,0.0361
1998/11/1,12.35,13.32,13.44,12.33,149.83,-0.0658
1998/11/8,12.44,12.45,12.67,11.85,128.74,0.0073
1998/11/15,11.68,12.03,12.32,11.15,150.68,-0.0611
1998/11/22,11.14,11.84,11.87,10.65,122.85,-0.0462
1998/11/29,10.19,11,11,10.06,118.47,-0.0853
1998/12/6,9.82,10.39,10.64,9.6,140.44,-0.0363
1998/12/13,9.98,9.97,11.3,9.82,135.55,0.0163
1998/12/20,10.11,9.95,10.28,9.55,79.04,0.013
1998/12/27,10.53,10.42,10.63,10.31,57.42,0.0415
1999/1/3,11.73,10.93,11.89,10.51,165.17,0.114
1999/1/10,10.79,11.9,12.33,10.78,83.18,-0.0801
1999/1/17,11.1,10.85,11.25,10.42,134.74,0.0287
1999/1/24,11.35,11.03,11.37,10.46,139.07,0.0225
1999/1/31,10.41,11.41,11.45,10.33,141.05,-0.0828
1999/2/7,10.43,10.43,10.52,10.03,90.27,0.0019
1999/2/14,10.4,10.45,10.78,9.9,87.22,-0.0029
1999/2/21,10.88,10.45,11.22,10.35,150.81,0.0462
1999/2/28,11.56,10.93,11.76,10.63,141.15,0.0625
1999/3/7,12.56,11.85,13.19,11.49,157.3,0.0865
1999/3/14,13.45,12.63,13.97,12.43,145.32,0.0709
1999/3/21,14.41,13.7,14.43,13.39,158.94,0.0714
1999/3/28,14.72,14.4,15.28,14.3,98.56,0.0215
1999/4/4,14.86,15.07,15.15,14,126.94,0.0095
1999/4/11,15.69,14.87,15.75,14.74,112.47,0.0559
1999/4/18,15.89,15.72,16.2,15.6,141.11,0.0127
1999/4/25,16.57,15.82,16.68,15.47,152.32,0.0428
1999/5/2,16.41,16.7,17.09,16.07,148.68,-0.0097
1999/5/9,16.21,16.38,16.52,15.45,148.12,-0.0122
1999/5/16,15.58,15.85,15.94,14.91,187.74,-0.0389
1999/5/23,15.2,15.5,15.66,15.01,109.69,-0.0244
1999/5/30,15.58,14.95,15.6,14.53,117.78,0.025
1999/6/6,16.73,15.64,16.75,15.51,127.73,0.0738
1999/6/13,16.5,16.55,17.2,16.28,129.86,-0.0137
1999/6/20,16.62,16.45,16.86,16.08,120.37,0.0073
1999/6/27,17.66,16.64,17.76,16.5,114.45,0.0626
1999/7/4,18.51,17.85,18.64,17.82,132.72,0.0481
1999/7/11,19.35,18.55,19.43,18.31,103.35,0.0454
1999/7/18,19.53,19.2,19.55,18.15,153.48,0.0093
1999/7/25,19.37,19.5,19.95,18.9,140.39,-0.0082
1999/8/1,20.06,19.28,20.07,19.2,129.95,0.0356
1999/8/8,20.69,20.1,21,19.98,114.07,0.0314
1999/8/15,20.99,20.58,21.24,20.26,117.14,0.0145
1999/8/22,20.76,21.11,21.27,19.67,166.89,-0.011
1999/8/29,21.03,21.22,21.45,20.74,114.25,0.013
1999/9/5,23.44,21.25,23.5,21.2,146.87,0.1146
1999/9/12,22.8,23.35,23.8,22.6,118.75,-0.0273
1999/9/19,23.9,22.85,24.06,22.32,124.63,0.0482
1999/9/26,23.67,23.8,24.3,23.48,120.91,-0.0096
1999/10/3,20.7,23.55,23.58,20.2,192.98,-0.1255
1999/10/10,22.5,20.7,22.6,20.35,109.4,0.087
1999/10/17,22.93,22.65,23.05,21.55,181.73,0.0191
1999/10/24,21.69,23.25,23.4,21.4,168.61,-0.0541
1999/10/31,22.83,21.85,23.1,21.74,135.59,0.0526
1999/11/7,24.59,22.63,24.81,22.63,116.36,0.0771
1999/11/14,25.07,24.85,25.21,24.16,150,0.0195
1999/11/21,25.36,25.9,25.9,25.1,133.31,0.0116
1999/11/28,24.95,25.2,25.27,23.2,178.92,-0.0162
1999/12/5,24.46,25.24,25.8,23.73,154.98,-0.0196
1999/12/12,25.52,24.7,26.15,24.13,108.66,0.0433
1999/12/19,25.21,25.45,25.48,24.54,76.66,-0.0121
1999/12/26,25.08,25.9,25.9,25.05,42.6,-0.0052
2000/1/2,23.09,23.9,24.7,23.05,142.31,-0.0793
2000/1/9,25.47,23.04,25.56,23.04,103.38,0.1031
2000/1/16,26.35,25.55,27.11,25.42,188.49,0.0346
2000/1/23,25.68,26.68,26.95,25.38,171.39,-0.0254
2000/1/30,27.07,25.4,27.1,25.21,185.63,0.0541
2000/2/6,27.82,26.85,28.2,26.06,148.84,0.0277
2000/2/13,26.22,27.85,28.78,26.2,125.26,-0.0575
2000/2/20,27.48,26.35,28,25.73,147.88,0.0481
2000/2/27,28.99,27.2,29.47,27.2,143.38,0.0549
2000/3/5,28.94,28.95,31.95,28.3,139.34,-0.0017
2000/3/12,26.56,28.9,29.13,26.45,115.84,-0.0822
2000/3/19,25.91,26.4,26.43,25.14,163.34,-0.0245
2000/3/26,24.77,25.65,25.96,24.25,158.26,-0.044
2000/4/2,22.58,25,25.22,22.5,134,-0.0884
2000/4/9,22.41,22.4,23.2,21.3,130.42,-0.0075
2000/4/16,23.83,22.15,24,21.9,127.44,0.0634
2000/4/23,23.89,23.85,24.35,22.95,128.47,0.0025
2000/4/30,25.29,24.1,25.7,24.05,127.58,0.0586
2000/5/7,28.05,25.3,28.38,25.25,123.25,0.1091
2000/5/14,28.59,27.64,29.2,27.48,139.71,0.0193
2000/5/21,29.22,28.55,29.47,27.1,152.17,0.022
2000/5/28,29.05,28.65,29.52,28.2,112.2,-0.0058
2000/6/4,29.58,29.4,29.63,27.9,140.56,0.0182
2000/6/11,28.35,29.85,31.7,27.69,148.1,-0.0416
2000/6/18,30.39,27.95,30.6,27.58,180.62,0.072
2000/6/25,30.57,30.65,31.15,29.36,141.82,0.0059
2000/7/2,29.7,30.65,31.25,28.55,157.31,-0.0285
2000/7/9,29.88,29.35,30.3,28.51,121.23,0.0061
2000/7/16,27.52,28.9,29.8,27.47,200.66,-0.079
2000/7/23,27.36,27.5,27.67,26.78,155.79,-0.0058
2000/7/30,29.37,27.35,29.55,26.65,140.39,0.0735
2000/8/6,30.57,29.45,31.44,28.37,112.67,0.0409
2000/8/13,30.44,30.5,32.8,30,106.95,-0.0043
2000/8/20,30.39,30.6,31.24,29.9,154.01,-0.0016
2000/8/27,31.85,31.49,32.12,30.67,92.79,0.048
2000/9/3,32.78,31.95,34.6,31.95,160.77,0.0292
2000/9/10,33.98,32.2,34.37,31.3,142.29,0.0366
2000/9/17,31.25,33.8,34.98,31.2,218.4,-0.0803
2000/9/24,29.84,30.25,31.27,29.25,175.06,-0.0451
2000/10/1,30.1,30.2,31.27,29.42,110.67,0.0087
2000/10/8,32.52,30.7,35.3,30.24,109.39,0.0804
2000/10/15,31.62,31.95,32.97,30.56,148.67,-0.0277
2000/10/22,30.95,32.05,32.29,30.75,147.38,-0.0212
2000/10/29,30.85,30.74,31.71,30.32,131.04,-0.0032
2000/11/5,32.02,30.63,32.2,30.4,125.04,0.0379
2000/11/12,33.08,32.3,34,31.95,107.9,0.0331
2000/11/19,33.12,33.38,33.95,32.65,102.92,0.0012
2000/11/26,30.17,33,33.45,30.1,160.1,-0.0891
2000/12/3,26.56,30.5,30.81,26.13,171.98,-0.1197
2000/12/10,25.89,26.98,27.82,25,85.8,-0.0252
2000/12/17,23.66,26.14,26.84,22.9,149.6,-0.0861
2000/12/24,23.87,24.3,24.54,23.02,64.73,0.0089
2000/12/31,25.18,24.4,26.02,24.2,129.4,0.0549
2001/1/7,25.75,25.33,25.9,24.12,131.12,0.0226
2001/1/14,27.04,25.98,27.16,24.33,148.36,0.0501
2001/1/21,26.98,26.9,27.28,25.83,152.22,-0.0022
2001/1/28,29.19,26.85,29.3,26.25,171.93,0.0819
2001/2/4,29.25,29.2,30.36,28.08,95.52,0.0021
2001/2/11,26.89,29.3,29.39,26.35,135.03,-0.0807
2001/2/18,26.52,27.4,27.62,26.05,132.89,-0.0138
2001/2/25,26,26.5,26.67,25.4,146.43,-0.0196
2001/3/4,26.33,26.18,27.25,26.18,116.38,0.0127
2001/3/11,25.05,26.1,26.25,23.75,126.09,-0.0486
2001/3/18,25.38,25.3,25.58,24.5,175.09,0.0132
2001/3/25,24.74,25.54,25.97,24.33,155.58,-0.0252
2001/4/1,25.17,24.85,25.95,24.1,148.28,0.0174
2001/4/8,27.37,25.15,27.87,25.08,109.55,0.0874
2001/4/15,26.39,27.95,28.25,26.35,145,-0.0358
2001/4/22,27.79,26.35,28,26.2,165.37,0.0531
2001/4/29,28.19,27.9,28.48,27.01,160.76,0.0144
2001/5/6,28.19,27.6,28.8,27.5,79.25,0
2001/5/13,29.39,28.19,29.45,27.78,103.83,0.0426
2001/5/20,28.48,29.68,29.68,28.2,176.38,-0.031
2001/5/27,29.07,28.47,29.35,28.38,128,0.0207
2001/6/3,29.44,29.43,29.71,28.43,131.28,0.0127
2001/6/10,28.12,29.72,30,27.98,104.41,-0.0448
2001/6/17,26.59,28.08,28.08,25.87,205.79,-0.0544
2001/6/24,26.08,26.65,27.31,24.91,189.7,-0.0192
2001/7/1,26.81,26.3,26.9,25.07,132.71,0.028
2001/7/8,24.97,26.7,26.76,24.53,156.72,-0.0686
2001/7/15,24.64,24.95,25.54,23.97,173.15,-0.0132
2001/7/22,25.19,25.1,25.51,24.7,149.52,0.0223
2001/7/29,25.69,25.19,26.18,24.67,121.19,0.0198
2001/8/5,25.98,25.62,26.55,25.51,110.69,0.0113
2001/8/12,24.73,26.15,26.33,24.65,128.75,-0.0481
2001/8/19,25.95,24.68,26.2,24.5,164.99,0.0493
2001/8/26,26.41,25.85,26.79,25.8,119.54,0.0177
2001/9/2,27.69,26.5,27.8,26.06,160.71,0.0485
2001/9/9,29.43,27.6,31.05,27.25,173.95,0.0628
2001/9/16,25.44,29.43,29.8,25.29,282.23,-0.1356
2001/9/23,23.26,25.1,25.16,20.7,262.19,-0.0857
2001/9/30,21.63,23.2,23.25,21.29,162.19,-0.0701
2001/10/7,21.73,21.8,23.02,21.22,120.78,0.0046
2001/10/14,21.35,21.7,21.93,20.32,129.6,-0.0175
2001/10/21,21.02,21.33,21.59,20.53,181.02,-0.0155
2001/10/28,19.77,21.25,21.52,19.04,179.46,-0.0595
2001/11/4,21.38,19.72,21.65,18.81,161.89,0.0814
2001/11/11,17.75,21.63,21.63,16.8,159.32,-0.1698
2001/11/18,19.28,17.4,20.08,16.65,196.11,0.0862
2001/11/25,19.14,18.6,19.22,17.98,173.95,-0.0073
2001/12/2,19.03,18.92,20.25,17.75,177.3,-0.0057
2001/12/9,18.38,18.7,18.7,17.7,129.1,-0.0342
2001/12/16,19.36,19.05,19.86,18.65,159.55,0.0533
2001/12/23,20.3,19.58,20.9,19.32,60.06,0.0486
2001/12/30,22.18,20.2,22.2,19.46,107.34,0.0926
2002/1/6,20.86,22,22.4,20.45,157.45,-0.0595
2002/1/13,18.45,20.6,20.68,18.23,133.69,-0.1155
2002/1/20,19.37,18.52,19.6,18.41,168.09,0.0499
2002/1/27,19.98,19.6,20.03,18.38,202.17,0.0315
2002/2/3,19.72,19.8,19.92,18.85,162.83,-0.013
2002/2/10,20.87,19.65,21.71,19.5,180.87,0.0583
2002/2/17,20.37,20.87,20.89,19.8,137.47,-0.024
2002/2/24,21.89,20.3,22.25,19.85,229.43,0.0746
2002/3/3,23.33,21.85,24.15,21.62,193.71,0.0658
2002/3/10,24.55,23.8,24.85,23.37,124.58,0.0523
2002/3/17,25.36,24.4,25.68,24.16,191.03,0.033
2002/3/24,25.92,25.15,25.95,24.65,133.87,0.0221
2002/3/31,25.99,26.36,28.15,25.3,169.78,0.0027
2002/4/7,24.29,26.78,27.43,23.81,147.16,-0.0654
2002/4/14,25.85,24.62,26.05,24.08,221.55,0.0642
2002/4/21,26.19,26.3,26.39,25.32,212.9,0.0132
2002/4/28,25.75,25.95,26.73,24.79,200.34,-0.0168
2002/5/5,26.38,25.4,26.56,24.78,133.75,0.0245
2002/5/12,26.36,25.9,27.35,25.75,141.78,-0.0008
2002/5/19,25.18,26.36,26.67,24.98,235.28,-0.0448
2002/5/26,24.45,25.27,25.3,23.93,179.03,-0.029
2002/6/2,23.99,24.1,24.55,23.63,97.89,-0.0188
2002/6/9,24.99,23.94,25.1,23.22,166.67,0.0417
2002/6/16,24.75,25.28,25.64,24.35,190.95,-0.0096
2002/6/23,25.58,24.89,25.85,24.66,188.28,0.0335
2002/6/30,25.73,25.5,25.97,25.39,122.67,0.0059
2002/7/7,26.32,25.7,26.44,24.75,146.75,0.0229
2002/7/14,26.43,26.5,26.66,25.85,170.36,0.0042
2002/7/21,25.03,25.23,26.15,24.65,207.32,-0.053
2002/7/28,25.31,25.03,26.01,24.65,179.42,0.0112
2002/8/4,25.34,25.35,25.56,24.73,146.87,0.0012
2002/8/11,27,25.3,27.2,25,132.01,0.0655
2002/8/18,26.99,26.8,27.68,26.75,202.52,-0.0004
2002/8/25,27.47,27.68,27.92,26.77,141.55,0.0178
2002/9/1,28.29,27.4,28.95,26.45,187.46,0.0299
2002/9/8,28.31,28.61,29.02,27.48,115.93,0.0007
2002/9/15,28.43,28.68,28.7,27.27,182.4,0.0042
2002/9/22,28.88,28.86,29.88,28.66,159.71,0.0158
2002/9/29,28.12,29.3,29.39,27.9,185.78,-0.0263
2002/10/6,27.99,28.5,28.6,27.35,145.45,-0.0046
2002/10/13,27.84,28.06,28.78,27.55,131.46,-0.0054
2002/10/20,25.46,27.72,27.75,25.35,233.68,-0.0855
2002/10/27,25.41,25.6,26.05,25.05,187.92,-0.002
2002/11/3,23.58,25.25,25.54,23.25,256.9,-0.072
2002/11/10,23.35,23.75,24.3,22.56,185.18,-0.0098
2002/11/17,25.21,23.59,25.33,23.52,222.07,0.0797
2002/11/24,25.16,25.51,25.71,24.65,169.35,-0.002
2002/12/1,25.46,25.35,26.1,25.12,194.19,0.0119
2002/12/8,27.21,25.9,27.74,25.47,173.51,0.0687
2002/12/15,28.34,27.71,29.4,27.55,190.95,0.0415
2002/12/22,30.16,28.9,30.39,28.82,71.3,0.0642
2002/12/29,30.77,30.6,31.02,28.64,107.39,0.0202
2003/1/5,29.67,30.69,30.88,27.85,219.41,-0.0357
2003/1/12,30.54,29.3,31.8,29.2,144.42,0.0293
2003/1/19,30.49,30.75,31.21,29.6,218.62,-0.0016
2003/1/26,31.1,30.75,31.39,29.83,193.63,0.02
2003/2/2,32.34,30.89,32.5,30.1,189.54,0.0399
2003/2/9,32.5,32.6,33.1,31.58,186.69,0.0049
2003/2/16,32.27,32.66,32.66,31.54,163.26,-0.0071
2003/2/23,32.79,32.55,33.94,32.2,225.75,0.0161
2003/3/2,34.1,32.45,34.2,32.01,188.48,0.04
2003/3/9,31.38,34.55,34.55,30.55,128.5,-0.0798
2003/3/16,24.35,30.35,31.65,24,266.15,-0.224
2003/3/23,26.35,24.5,27.74,24.5,207.2,0.0821
2003/3/30,24.68,26.36,27.56,24.3,185.84,-0.0634
2003/4/6,24.75,24.3,25.4,23.4,151.62,0.0028
2003/4/13,25.88,24.65,25.9,24.2,125.76,0.0457
2003/4/20,24.09,25.95,26.11,23.5,215.84,-0.0692
2003/4/27,23.52,23.75,24.39,23.05,198.13,-0.0237
2003/5/4,25.1,24.25,25.47,23.37,182.29,0.0672
2003/5/11,26.1,25.58,27.01,24.84,186.8,0.0398
2003/5/18,26.24,26.3,26.7,25.32,228.33,0.0054
2003/5/25,26.32,26.28,26.72,25.27,161.5,0.003
2003/6/1,27.78,26.7,27.87,26.35,195.79,0.0555
2003/6/8,27.46,27.78,28.52,27.1,151.87,-0.0115
2003/6/15,27.02,26.65,27.16,25.8,236.5,-0.016
2003/6/22,27.3,27.15,27.75,26.51,183.33,0.0104
2003/6/29,27.63,27.55,28.76,27.1,184.76,0.0121
2003/7/6,29.19,27.85,29.6,27.21,177.44,0.0565
2003/7/13,28.93,28.95,29.3,28.33,162.79,-0.0089
2003/7/20,28.18,29,29,27.29,219.22,-0.0259
2003/7/27,29.99,28,30.05,27.61,189.06,0.0642
2003/8/3,29.99,29.63,30.59,29.3,194.39,0
2003/8/10,28.81,29.85,30.2,28.38,183.79,-0.0393
2003/8/17,29.7,29.2,30.15,28.02,177,0.0309
2003/8/24,29.49,29.4,29.89,29.1,149.68,-0.0071
2003/8/31,27.21,29.45,29.55,26.81,238.74,-0.0773
2003/9/7,26.77,27.37,27.72,26.25,184.42,-0.0162
2003/9/14,25.32,26.77,26.85,25.1,193.21,-0.0542
2003/9/21,26.64,25.2,27.2,25.05,197.38,0.0521
2003/9/28,28.71,26.78,28.78,26.74,188.24,0.0777
2003/10/5,30.9,28.94,31.5,28.32,153.52,0.0763
2003/10/12,29.03,30.71,31.2,28.55,153.99,-0.0605
2003/10/19,28.58,28.75,29.25,27.85,245.81,-0.0155
2003/10/26,27.7,28.66,28.8,26.75,235.65,-0.0308
2003/11/2,28.91,27.98,29.2,26.97,210.14,0.0437
2003/11/9,29.56,29.26,29.75,28.65,187.6,0.0225
2003/11/16,29.36,29.56,30.52,28.65,261.67,-0.0068
2003/11/23,28.45,29.01,29.15,27.4,197.32,-0.031
2003/11/30,28.74,28.43,29.65,27.76,232.59,0.0102
2003/12/7,30.37,28.91,30.5,28.89,194.85,0.0567
2003/12/14,30.05,29.61,31.15,29.6,168.76,-0.0105
2003/12/21,29.06,30,30.11,28.47,100,-0.0329
2003/12/28,29.32,29.5,30.2,29.15,78.17,0.0089
2004/1/4,31.37,29.65,31.8,29.65,223.1,0.0699
2004/1/11,30.47,31.43,32.12,29.45,182.99,-0.0287
2004/1/18,30.96,30.65,31.32,30.2,212.91,0.0161
2004/1/25,29.18,30.76,30.83,28.81,258.27,-0.0575
2004/2/1,28.83,29,30.38,28.44,211.87,-0.012
2004/2/8,30.57,29.05,30.78,28.77,184.8,0.0604
2004/2/15,30.69,30.55,31.37,30,186.26,0.0039
2004/2/22,32.23,30.55,32.35,30.45,237.57,0.0502
2004/2/29,33.35,32.33,33.58,31.81,198.78,0.0348
2004/3/7,32.24,33.51,33.57,31.62,200.49,-0.0333
2004/3/14,33.26,32.5,33.82,32.34,192.76,0.0316
2004/3/21,31.99,33.04,33.6,31.2,214,-0.0382
2004/3/28,30.21,31.66,33,29.95,228.81,-0.0556
2004/4/4,33.34,30.8,33.4,30.15,172.14,0.1036
2004/4/11,33.64,33.7,34.05,32.42,126.57,0.009
2004/4/18,33.09,33.58,34.2,32.31,242.5,-0.0163
2004/4/25,34.48,33.35,35,33.25,241.1,0.042
2004/5/2,37,35.22,37.2,34.95,181.75,0.0731
2004/5/9,38.76,36.74,38.9,35.33,210.46,0.0476
2004/5/16,36.51,38.25,38.5,36.35,239.76,-0.058
2004/5/23,36.58,36.1,38.2,35.95,255.22,0.0019
2004/5/30,35.67,37.15,39.12,35.5,201.69,-0.0249
2004/6/6,35.44,35.67,36.55,34.43,209.77,-0.0064
2004/6/13,36.21,35.75,36.7,34.73,197.86,0.0217
2004/6/20,34.97,36.04,36.59,34.6,265.06,-0.0342
2004/6/27,35.92,34.6,36.45,33.08,233.52,0.0272
2004/7/4,37.05,36.1,37.8,36.1,200.25,0.0315
2004/7/11,38,36.95,38.58,36.11,156.24,0.0256
2004/7/18,38.27,37.5,38.4,36.96,202.45,0.0071
2004/7/25,40.03,38.5,40.05,37.75,209.16,0.046
2004/8/1,40.63,39.7,41.5,39.54,203.14,0.015
2004/8/8,43.88,40.4,43.92,40.27,179.63,0.08
2004/8/15,43.54,43.85,45.15,42.15,193.86,-0.0077
2004/8/22,40.64,43.88,44.05,39.67,253.14,-0.0666
2004/8/29,41.23,39.75,43.04,39.2,182,0.0145
2004/9/5,40.2,41.3,42.6,40,201.24,-0.025
2004/9/12,42.45,41.05,42.52,40,209.57,0.056
2004/9/19,45.33,42.55,45.75,42.1,201.2,0.0678
2004/9/26,46.62,45.7,46.8,45.05,180.4,0.0285
2004/10/3,49.71,46.25,49.75,45.8,194.64,0.0663
2004/10/10,49.93,49.6,51.5,48.5,141.86,0.0044
2004/10/17,51.22,50.3,51.65,47.9,240.27,0.0258
2004/10/24,48.98,51.3,51.94,47.68,258.17,-0.0437
2004/10/31,46.42,49.2,49.6,45.45,219.05,-0.0523
2004/11/7,42.31,46.3,46.3,42.2,139.63,-0.0885
2004/11/14,44.89,42.19,44.9,40.05,220.87,0.061
2004/11/21,44.57,44.95,45.95,43.5,177.94,-0.0071
2004/11/28,39.36,44.7,46.7,38.85,232.5,-0.1169
2004/12/5,37.38,39.5,40.52,37.3,180.4,-0.0503
2004/12/12,43.39,37.8,43.45,37,119.26,0.1608
2004/12/19,40.07,43.1,43.4,39.95,138.09,-0.0765
2004/12/26,40.46,38.7,40.59,38.4,79.96,0.0097
2005/1/2,43.18,39.4,43.75,38.81,163.61,0.0672
2005/1/9,45.15,43.2,45.47,42.5,107.07,0.0456
2005/1/16,45.73,45.35,46.35,43.73,197.93,0.0128
2005/1/23,44.95,46.2,47.35,44.5,202.24,-0.0171
2005/1/30,43.89,44.5,45.95,43.15,187.51,-0.0236
2005/2/6,44.8,43.7,44.92,42.46,154.98,0.0207
2005/2/13,46.34,45.07,46.64,44.65,187.56,0.0344
2005/2/20,49.61,46.45,49.9,46.39,256.25,0.0706
2005/2/27,51.8,50,53,49.05,230.53,0.0441
2005/3/6,53.1,51.74,54.3,50.95,145.14,0.0251
2005/3/13,55.59,53.09,56.15,52.46,121.94,0.0469
2005/3/20,53.93,55.59,55.87,52.65,168.44,-0.0299
2005/3/27,56.51,53,56.6,51.8,165.93,0.0478
2005/4/3,52.89,56.8,57.65,52.58,163.03,-0.0641
2005/4/10,51.61,52.8,53.6,50.4,112.56,-0.0242
2005/4/17,54.97,51.15,55.4,50.44,217,0.0651
2005/4/24,51.09,55.54,55.74,50.35,233.09,-0.0706
2005/5/1,50.77,51.78,51.98,49.66,195.43,-0.0063
2005/5/8,48.66,51.4,52.43,47.71,232.84,-0.0416
2005/5/15,48.03,48.36,49.8,47.6,244.38,-0.0129
2005/5/22,50.7,47.91,50.8,47.47,282.06,0.0556
2005/5/29,54.17,50.47,54.24,49.87,225.02,0.0684
2005/6/5,52.67,54.3,54.62,51.61,253.29,-0.0277
2005/6/12,57.76,52.55,57.95,52.55,196.21,0.0966
2005/6/19,58.36,57.8,58.58,56.38,296.36,0.0104
2005/6/26,57.54,58.85,59.59,55.04,294.47,-0.0141
2005/7/3,58.2,57.65,60.7,55.55,268.94,0.0115
2005/7/10,57.61,57.6,59.58,56.5,243.27,-0.0101
2005/7/17,57.58,57.8,58.54,55.25,307.31,-0.0005
2005/7/24,59.37,57.55,59.84,56.56,300.72,0.0311
2005/7/31,61.07,59.85,61.26,59.37,290.25,0.0286
2005/8/7,66.45,61.3,66.77,61.24,308.1,0.0881
2005/8/14,64.36,65.73,66.85,61.45,272.17,-0.0315
2005/8/21,64.87,64.4,66.65,63.59,317.44,0.0079
2005/8/28,66.06,66.65,68.89,64.83,282,0.0183
2005/9/4,62.84,66,66.08,61.59,262.68,-0.0487
2005/9/11,61.81,62.83,63.96,61.14,212.58,-0.0164
2005/9/18,62.44,62.35,65.8,62.01,369.64,0.0102
2005/9/25,63.48,62.16,64.72,61,308.79,0.0167
2005/10/2,59.21,63.63,63.96,58.24,272.56,-0.0673
2005/10/9,59.35,59.2,61.31,57.43,205.66,0.0024
2005/10/16,58.48,60.28,61.12,57.05,339.6,-0.0147
2005/10/23,59.42,58.01,60.78,57.36,303.25,0.0161
2005/10/30,59.25,59.24,60.65,57.44,288.87,-0.0029
2005/11/6,54.99,58.9,59.25,54.74,286.05,-0.0719
2005/11/13,54.88,55.25,56.78,53.9,237.72,-0.002
2005/11/20,55.01,55.25,56.66,54.75,226.8,0.0024
2005/11/27,57.05,55.3,57.21,53.75,322.29,0.0371
2005/12/4,57.31,57.22,59.58,56.85,340.73,0.0046
2005/12/11,57.13,58.03,60.4,57.06,241.23,-0.0031
2005/12/18,56.69,57.12,57.73,55.81,225.66,-0.0077
2005/12/25,58.98,56.1,59.23,55.52,129.39,0.0404
2006/1/1,62.72,59.35,63.09,59.08,281.53,0.0634
2006/1/8,62.26,62.75,63.28,61.04,256.6,-0.0073
2006/1/15,66.43,62.4,67.32,62.4,333.29,0.067
2006/1/22,66.24,67.05,67.11,63.87,375.52,-0.0029
2006/1/29,63.39,66.5,67.27,62.15,353.08,-0.043
2006/2/5,59.64,63.85,64.5,59.41,257.51,-0.0592
2006/2/12,59.89,59.26,60.97,57.9,266.21,0.0042
2006/2/19,62.6,60,62.87,59.81,329.25,0.0452
2006/2/26,64.18,62.2,64.64,60.36,343.11,0.0252
2006/3/5,60.83,64.18,64.18,59.26,331.79,-0.0522
2006/3/12,63.26,60.8,64.35,60.6,168.08,0.0399
2006/3/19,63.51,63.29,63.9,60.98,349.85,0.004
2006/3/26,65.91,63.5,67.05,62.8,345.72,0.0378
2006/4/2,67.29,66.3,68.24,65.73,325.76,0.0209
2006/4/9,70.14,67.3,70.99,67.3,184.25,0.0424
2006/4/16,74.17,70.99,74.79,70.52,367.08,0.0575
2006/4/23,72.5,74.63,74.76,70.45,428.17,-0.0225
2006/4/30,70.88,71.98,74.97,69.79,355.71,-0.0223
2006/5/7,72.18,71.1,73.88,69.06,349.37,0.0183
2006/5/14,68.68,71.5,71.5,68.25,317.85,-0.0485
2006/5/21,70.59,68.95,71.35,67.63,368.89,0.0278
2006/5/28,71.03,70.8,71.99,69.01,355.2,0.0062
2006/6/4,70.48,72.2,72.67,67.73,375.62,-0.0077
2006/6/11,68.8,70.5,71.2,66.33,224.77,-0.0238
2006/6/18,69.93,68.75,70.38,67.42,406.55,0.0164
2006/6/25,73.51,69.86,73.69,69.47,354.45,0.0512
2006/7/2,73.51,73.26,75.09,72.45,299.05,0
2006/7/9,77.27,73.2,78.03,72.11,217.74,0.0511
2006/7/16,73.75,77.98,78.18,72.59,485.92,-0.0456
2006/7/23,73.39,73.85,75.54,72.78,445.51,-0.0049
2006/7/30,76.17,73.22,77.47,72.7,372.62,0.0379
2006/8/6,75.63,76.15,78.65,75.1,224.1,-0.0071
2006/8/13,72.3,75.16,75.26,71.31,211.61,-0.044
2006/8/20,72.7,72.59,74.09,71.61,347.53,0.0055
2006/8/27,69.15,72.21,72.47,68.82,377.68,-0.0488
2006/9/3,65.33,69.15,69.49,65.16,309.46,-0.0552
2006/9/10,63.33,65.2,65.44,61.96,287.44,-0.0306
2006/9/17,60.41,63.47,64.86,60.11,406.79,-0.0461
2006/9/24,62.48,60.05,63.63,59.32,450.36,0.0343
2006/10/1,59.83,62.7,62.82,57.7,454.96,-0.0424
2006/10/8,59.52,60.25,61.66,58.16,343.71,-0.0052
2006/10/15,59.68,59.4,62.5,58.82,387.8,0.0027
2006/10/22,61.08,59.25,62.35,58.52,424.71,0.0235
2006/10/29,59.15,61.2,61.2,57.39,488.04,-0.0316
2006/11/5,59.71,58.94,61.43,58.44,419.3,0.0095
2006/11/12,58.99,59.8,61.37,57.85,330.95,-0.0121
2006/11/19,60.03,58.5,60.58,58.24,334.67,0.0176
2006/11/26,64.62,59.78,64.92,59.47,470.81,0.0765
2006/12/3,62.2,64.59,64.75,62.13,367.46,-0.0374
2006/12/10,63.49,62.16,63.61,61.05,199.56,0.0207
2006/12/17,62.42,63.34,63.59,61.47,335.21,-0.0169
2006/12/24,60.86,62.54,63.3,60.04,177.62,-0.025
2006/12/31,55.64,60.88,61.64,54.5,385.16,-0.0858
2007/1/7,52.95,55.86,57.19,51.65,490.84,-0.0483
2007/1/14,53.44,53.09,53.63,50.75,372.75,0.0093
2007/1/21,55.29,53.75,55.88,52.18,518.62,0.0346
2007/1/28,58.41,55.46,58.67,53.56,529.29,0.0564
2007/2/4,59.01,58.55,59.63,56.74,471.65,0.0103
2007/2/11,58.95,58.51,59.03,56.1,348.59,-0.001
2007/2/18,60.88,58.8,61.68,56.81,474.72,0.0327
2007/2/25,62.08,61.05,62.74,60.1,465.21,0.0197
2007/3/4,61.13,61.7,62.84,60,405.02,-0.0153
2007/3/11,60.3,61.01,62.11,59.79,268.42,-0.0136
2007/3/18,63.18,60.64,63.68,60,498.02,0.0478
2007/3/25,68.1,63.55,69.14,63.33,511.77,0.0779
2007/4/1,68.24,67.91,69.58,66.93,304.49,0.0021
2007/4/8,68.97,67.87,69.59,66.38,155.64,0.0107
2007/4/15,66.49,68.75,69.17,64.76,485.22,-0.036
2007/4/22,68.41,66.51,68.75,65.98,463.52,0.0289
2007/4/29,65.31,68.23,68.73,64.95,490.9,-0.0453
2007/5/6,66.83,65.18,66.98,63.8,437.11,0.0233
2007/5/13,69.42,66.65,70.35,65.93,346.86,0.0388
2007/5/20,70.69,69.44,71.8,69.1,514.47,0.0183
2007/5/27,69.07,70.5,70.5,66.8,425.53,-0.0229
2007/6/3,68.6,68.94,71.72,68.41,442.85,-0.0068
2007/6/10,71.47,68.69,71.88,68.2,238.73,0.0418
2007/6/17,71.18,71.59,72.25,69.56,488.81,-0.0041
2007/6/24,71.41,70.75,71.6,69.4,448.86,0.0032
2007/7/1,75.62,71.22,76.01,70.92,351.67,0.059
2007/7/8,77.57,75.46,77.7,74.91,242.31,0.0258
2007/7/15,77.64,77.55,78.4,75.03,364.57,0.0009
2007/7/22,76.26,77.32,77.5,74.23,464.54,-0.0178
2007/7/29,74.75,76.06,77.18,74.24,439.12,-0.0198
2007/8/5,70.39,74.45,74.73,68.95,462.07,-0.0583
2007/8/12,70.44,70.4,72.24,68.87,246.44,0.0007
2007/8/19,70.62,69.7,70.84,68.14,430.88,0.0026
2007/8/26,72.69,70.55,73.09,69.49,399.8,0.0293
2007/9/2,75.07,72.69,75.7,72.69,371.92,0.0327
2007/9/9,76.22,74.83,77.93,73.86,323.29,0.0153
2007/9/16,79.3,76.2,79.94,75.52,557.21,0.0404
2007/9/23,79.17,78.9,81.05,76.36,541.33,-0.0016
2007/9/30,78.9,79.25,79.54,76.31,447.52,-0.0034
2007/10/7,80.55,78.42,80.92,75.64,394.56,0.0209
2007/10/14,83.79,80,84.88,80,415.34,0.0402
2007/10/21,88.69,83.66,89.3,81.63,521.57,0.0585
2007/10/28,92.08,88.69,92.21,86.13,547.2,0.0382
2007/11/4,93.18,91.84,95.19,90.18,503.83,0.0119
2007/11/11,91.62,92.54,93.46,87.88,422.61,-0.0167
2007/11/18,95.76,91.87,96.53,90.98,408.69,0.0452
2007/11/25,88.26,95.9,96.65,87.55,666.09,-0.0783
2007/12/2,88.64,88.74,91.91,86.56,530.48,0.0043
2007/12/9,92.67,88.77,94.44,87.51,349.21,0.0455
2007/12/16,92.46,91.69,92.95,89.33,441.62,-0.0023
2007/12/23,93.88,92.29,95.87,91.35,199.26,0.0154
2007/12/30,96.79,94.29,98.5,93.25,311.22,0.031
2008/1/6,91.07,96.69,97.48,90.83,570.06,-0.0591
2008/1/13,89.23,91.07,93.25,88.21,374.63,-0.0202
2008/1/20,90.9,89.57,91.4,85,574.28,0.0187
2008/1/27,89.44,90.7,92.83,88.95,624.46,-0.0161
2008/2/3,91.94,89.1,92.32,86.83,566.03,0.028
2008/2/10,94.63,92.68,95.8,91.09,438.78,0.0293
2008/2/17,97.01,94.9,99.22,94.44,493.41,0.0252
2008/2/24,100.1,97.23,101.27,96.34,584.9,0.0319
2008/3/2,102.38,100.12,103.98,96.92,643,0.0228
2008/3/9,107.55,102.3,108.02,101.2,390.48,0.0505
2008/3/16,100.38,106,107.97,98,561.09,-0.0667
2008/3/23,103.77,99.75,105.6,98.7,492.54,0.0338
2008/3/30,104.9,103.36,105.32,98.99,559.92,0.0109
2008/4/6,108.75,104.68,109.98,104.6,512.57,0.0367
2008/4/13,113.92,108.26,114.22,108.09,394.99,0.0475
2008/4/20,116.34,113.85,117.56,112.49,616.42,0.0212
2008/4/27,114.56,117.32,117.51,108.42,624.31,-0.0153
2008/5/4,125.4,114.54,125.9,114.21,568.66,0.0946
2008/5/11,124.99,125.63,126.34,120.1,414.6,-0.0033
2008/5/18,131.57,125.28,135.14,123.59,608.54,0.0526
2008/5/25,127.78,131.25,133.41,125,514.78,-0.0288
2008/6/1,137.69,127.22,138.12,121.32,582.89,0.0776
2008/6/8,134.25,137.25,137.74,130.5,378.97,-0.025
2008/6/15,134.86,134.79,139.32,131.48,538.24,0.0045
2008/6/22,140.31,134.56,142.97,132,544.93,0.0404
2008/6/29,144.42,141.29,146.69,139.54,398.92,0.0293
2008/7/6,144.49,144.4,147.5,135.5,518.19,0.0005
2008/7/13,130.19,144.37,145.55,129.66,384.48,-0.099
2008/7/20,124.52,131.04,133.75,123.39,516.39,-0.0436
2008/7/27,124.18,124.4,127.94,120.88,531.31,-0.0027
2008/8/3,113.33,125.3,125.3,112.8,520.06,-0.0874
2008/8/10,112.55,113.85,115.32,110.31,330.7,-0.0069
2008/8/17,113.92,112.3,120.93,110.7,526.78,0.0122
2008/8/24,114.05,113,118.26,111.65,521.2,0.0011
2008/8/31,104.09,115.5,115.56,103.43,484.67,-0.0873
2008/9/7,97.58,105.74,106.9,96.33,455.6,-0.0625
2008/9/14,99.61,95.99,100.5,88.9,565.57,0.0208
2008/9/21,103.54,99.5,107.11,99.5,584.58,0.0395
2008/9/28,90.25,103.29,103.29,88,580.52,-0.1284
2008/10/5,74.09,88.3,88.65,73.14,521.88,-0.1791
2008/10/12,69.6,77,80.74,65.45,348.34,-0.0606
2008/10/19,62.05,70.65,73.61,61,595.95,-0.1085
2008/10/26,65.32,61.93,68.35,59.02,605.04,0.0527
2008/11/2,57.35,64.3,67.76,56.44,624.08,-0.122
2008/11/9,54.24,58.38,61.98,50.6,431.12,-0.0542
2008/11/16,49.19,53.37,56.15,47.4,568.44,-0.0931
2008/11/23,53.49,50,54.9,48,498.11,0.0874
2008/11/30,39.74,53,53,39.35,535.33,-0.2571
2008/12/7,46.41,40.48,48.36,40.48,476.16,0.1678
2008/12/14,44,46,49.96,43.03,422.74,-0.0519
2008/12/21,38.37,44.65,44.77,36.2,222.96,-0.128
2008/12/28,46.91,39.78,47.33,38.1,295.46,0.2226
2009/1/4,44.42,48.2,52.21,42.79,568.97,-0.0531
2009/1/11,46.57,44.57,49.12,41.84,353.28,0.0484
2009/1/18,48.37,46.3,48.61,42.85,564.8,0.0387
2009/1/25,45.88,47.46,49.65,43.55,585.08,-0.0515
2009/2/1,46.21,46.06,47.48,43.7,475.52,0.0072
2009/2/8,44.81,46.06,48.42,43.92,420.34,-0.0303
2009/2/15,41.89,44.3,45.5,39.35,459.81,-0.0652
2009/2/22,46.35,41.66,46.63,40.3,573.11,0.1065
2009/3/1,44.85,45.56,46.54,41.6,546.33,-0.0324
2009/3/8,44.93,45.42,46.36,41.3,479.15,0.0018
2009/3/15,51.22,44.25,51.7,42.59,435.26,0.14
2009/3/22,51.98,51.3,53.86,51.1,474.29,0.0148
2009/3/29,53.47,51.5,54.26,47.26,584.2,0.0287
2009/4/5,54.06,53.5,54.31,49.8,412.16,0.011
2009/4/12,53.35,53.98,54.12,50.9,291.73,-0.0131
2009/4/19,51.67,53.06,53.06,48.31,547.81,-0.0315
2009/4/26,52.85,51.04,53.05,48.4,543.45,0.0228
2009/5/3,58.14,52.6,58.5,52.36,484.25,0.1001
2009/5/10,55.98,57.8,59.05,55.85,414.84,-0.0372
2009/5/17,60.78,56.17,60.94,55.91,516.6,0.0857
2009/5/24,65.52,61,65.8,58.41,441.2,0.078
2009/5/31,68.34,65.77,69.91,64.91,576.28,0.043
2009/6/7,70.92,67.79,72.27,66.88,466.25,0.0378
2009/6/14,69.19,70.93,72.4,68.56,450.12,-0.0244
2009/6/21,68.92,69.47,70.81,65.9,631.9,-0.0039
2009/6/28,65.61,68.95,73.5,65.25,599.43,-0.048
2009/7/5,60.52,65.2,65.46,59.53,594.85,-0.0776
2009/7/12,65.38,60.66,65.93,59.49,345.38,0.0803
2009/7/19,70.32,65.03,70.46,65.03,559.43,0.0756
2009/7/26,71.7,70.06,72.12,66.14,657.09,0.0196
2009/8/2,73.59,71.98,76,71.5,554.22,0.0264
2009/8/9,72.41,73.23,74.72,71.68,315.56,-0.016
2009/8/16,74.19,71.35,74.97,69.21,580.85,0.0246
2009/8/23,72.79,74.21,74.75,70.42,599.52,-0.0189
2009/8/30,66.82,72.79,72.95,65.96,628.32,-0.082
2009/9/6,67.69,66.69,70.88,66.38,604.53,0.013
2009/9/13,71.32,67.68,72.2,66.66,497.73,0.0536
2009/9/20,65.11,71.17,71.45,64.08,738.47,-0.0871
2009/9/27,68.07,65.42,69.79,64.49,663.74,0.0455
2009/10/4,70,67.45,70.56,65.9,688.81,0.0284
2009/10/11,76.99,70.29,77.22,70.29,477.97,0.0999
2009/10/18,78.92,77.09,80.26,76.04,704.21,0.0251
2009/10/25,75.2,78.49,80.1,75.09,785.75,-0.0471
2009/11/1,75.87,75.24,79.45,74.98,775.21,0.0089
2009/11/8,75.55,76.26,78.92,75.03,559.47,-0.0042
2009/11/15,77.2,76.79,80.14,76.5,693.81,0.0218
2009/11/22,77.18,77.55,79.58,73.7,729.08,-0.0003
2009/11/29,77.52,77.46,79.91,76.4,791.45,0.0044
2009/12/6,71.88,77.83,78.25,71.02,742.7,-0.0728
2009/12/13,73.75,71.47,74.84,71.16,481.44,0.026
2009/12/20,76.31,73.62,76.5,71.97,360.7,0.0347
2009/12/27,77.93,76.3,78.94,76.2,246.5,0.0212
2010/1/3,81.37,78.49,82.21,78.34,701.03,0.0441
2010/1/10,77.11,81.53,82.45,76.81,559.91,-0.0524
2010/1/17,72.83,76.91,77.85,72.17,779.63,-0.0555
2010/1/24,71.46,72.46,73.8,71.02,771.05,-0.0188
2010/1/31,69.59,71.35,76.99,67.87,1100,-0.0262
2010/2/7,72.9,70.36,74,69.21,661.9,0.0476
2010/2/14,78.19,73.12,78.45,72.29,728.54,0.0726
2010/2/21,77.59,78.44,78.94,75.29,794.86,-0.0077
2010/2/28,79.89,77.69,80.53,76.21,869.14,0.0296
2010/3/7,79.39,80.21,81.46,78.7,702.04,-0.0063
2010/3/14,79.88,79.09,82.08,77.25,569.46,0.0062
2010/3/21,79.29,79.61,81.17,78,808.36,-0.0074
2010/3/28,84.01,79.48,84.5,79.48,562.39,0.0595
2010/4/4,84.83,84.47,86.63,83.95,645.41,0.0098
2010/4/11,85.99,84.87,87.58,83.51,581.67,0.0137
2010/4/18,87.25,85.74,87.33,83.25,942.5,0.0147
2010/4/25,87.44,87.27,87.75,84.88,822.24,0.0022
2010/5/2,78.27,87.44,89.58,77.51,975.37,-0.1049
2010/5/9,77.18,78.9,81.76,76.8,597.19,-0.0139
2010/5/16,71.68,78.05,78.47,70.2,1070,-0.0713
2010/5/23,74.02,71.8,75.74,68.15,810.35,0.0326
2010/5/30,72.09,74.02,76.55,71.48,742.55,-0.0261
2010/6/6,74.35,71.55,75.88,70.5,753.17,0.0313
2010/6/13,78.22,74.51,79.1,74.44,669.2,0.0521
2010/6/20,78.12,78.49,79.86,75.4,741.32,-0.0013
2010/6/27,71.65,78.14,78.66,71.21,838.28,-0.0828
2010/7/4,75.42,71.56,75.86,70.77,599.58,0.0526
2010/7/11,75.37,75.19,77.79,73.67,442.83,-0.0007
2010/7/18,77.45,75.13,78.1,74.75,734.89,0.0276
2010/7/25,78.18,77.45,78.31,74.8,791.05,0.0094
2010/8/1,80.16,78.11,82.86,78.1,778.07,0.0253
2010/8/8,75.11,80.49,81.38,74.67,722.62,-0.063
2010/8/15,74.26,75.12,77.69,74,631.03,-0.0113
2010/8/22,76.65,74.46,76.93,71.75,883.59,0.0322
2010/8/29,76.67,76.65,77.46,74.24,759.66,0.0003
2010/9/5,78.16,76.62,78.85,75.56,751.1,0.0194
2010/9/12,78.21,78.23,79.9,77.25,540.43,0.0006
2010/9/19,78.87,78.2,80,76.75,776.64,0.0084
2010/9/26,83.75,79.01,83.81,77.6,837.26,0.0619
2010/10/3,84.03,83.81,86.02,81.86,835.49,0.0033
2010/10/10,82.45,84.33,85.46,81.95,609.11,-0.0188
2010/10/17,82.96,83.05,84.5,80.75,991.87,0.0062
2010/10/24,83.15,83.15,84.2,81.85,905.49,0.0023
2010/10/31,88.11,83.13,88.8,82.82,865.73,0.0597
2010/11/7,86.34,88.3,89.7,85.76,836.2,-0.0201
2010/11/14,84.34,86.44,87.37,82.96,833.82,-0.0232
2010/11/21,85.58,84.34,86.5,82.43,693.29,0.0147
2010/11/28,91.42,85.5,91.85,85.41,911.68,0.0682
2010/12/5,90.48,91.46,92.86,89.86,766.89,-0.0103
2010/12/12,91.67,90.65,92.42,90.33,504.82,0.0132
2010/12/19,93.77,91.65,94.74,91.02,443.95,0.0229
2010/12/26,94.75,93.76,95.2,92.18,333.81,0.0105
2011/1/2,93.33,94.75,96.17,92.37,863.12,-0.015
2011/1/9,98.68,93.8,99.2,93.6,601.76,0.0573
2011/1/16,97.6,98.33,98.75,95.43,850.12,-0.0109
2011/1/23,99.42,97.59,99.74,94.75,1070,0.0186
2011/1/30,99.83,99.61,103.37,98.5,897.82,0.0041
2011/2/6,101.43,99.83,102.88,97.51,682.42,0.016
2011/2/13,102.52,101.13,104.52,100.73,1010,0.0107
2011/2/20,112.14,102.96,119.79,102.93,1120,0.0938
2011/2/27,115.97,112.5,117.81,111.25,956.95,0.0342
2011/3/6,113.84,116.12,118.5,112.13,991.01,-0.0184
2011/3/13,113.93,113.6,117.29,107.35,669.63,0.0008
2011/3/20,115.59,114.75,116.4,114.15,723.75,0.0146
2011/3/27,118.7,115.75,119.14,113.52,781.3,0.0269
2011/4/3,126.65,119.05,126.91,118.75,836.78,0.067
2011/4/10,123.45,126.58,127.02,120,668.29,-0.0253
2011/4/17,123.99,123.15,124.81,119.03,689.98,0.0044
2011/4/24,125.89,123.99,126.66,122.71,696.71,0.0153
2011/5/1,109.13,126.1,126.54,105.15,1380,-0.1331
2011/5/8,113.83,110.2,118.43,109.05,1290,0.0431
2011/5/15,112.39,113.56,114,108.07,815.77,-0.0127
2011/5/22,115.03,112.12,115.68,108.58,941.49,0.0235
2011/5/29,115.84,114.87,117.49,113.4,790.33,0.007
2011/6/5,118.78,115.96,120.07,113.8,1060,0.0254
2011/6/12,113.21,118.46,121.47,111.05,854.53,-0.0469
2011/6/19,105.12,112.96,114.48,103.62,1360,-0.0715
2011/6/26,111.77,105.36,113.24,102.28,1000,0.0633
2011/7/3,118.33,111.3,119.87,110.45,849.93,0.0587
2011/7/10,117.26,118.27,119.86,114.95,599.72,-0.009
2011/7/17,118.67,117.55,119.25,114.66,810.12,0.012
2011/7/24,116.74,118.36,119.05,115.75,867.96,-0.0163
2011/7/31,109.37,117,120.4,104.3,1310,-0.0631
2011/8/7,108.03,108.5,109.16,98.74,1210,-0.0123
2011/8/14,108.62,108.1,111.74,105.06,836.44,0.0055
2011/8/21,111.36,108.5,111.7,105.15,1100,0.0252
2011/8/28,112.33,110.77,115.36,110.53,897.23,0.0087
2011/9/4,112.77,112.5,116.6,109.85,854.74,0.0039
2011/9/11,112.22,112.43,116.1,110.42,614.8,-0.0049
2011/9/18,103.97,111.71,112.44,103.43,1110,-0.0735
2011/9/25,102.76,103.61,107.54,101.66,1090,-0.0116
2011/10/2,105.88,102,106.64,99.11,1050,0.0304
2011/10/9,114.68,106.01,114.8,105.65,548.73,0.0831
2011/10/16,109.56,112.46,113.86,107.31,1190,-0.0446
2011/10/23,109.91,109.32,112.79,108.76,1080,0.0032
2011/10/30,111.97,110.13,112.48,106.1,1050,0.0187
2011/11/6,114.16,112.41,116.48,111.26,1040,0.0196
2011/11/13,107.56,114.63,114.83,106.97,891.54,-0.0578
2011/11/20,106.4,107.46,109.45,105.65,787.24,-0.0108
2011/11/27,109.94,106.73,112.03,106.63,1010,0.0333
2011/12/4,108.62,110.36,111.62,107.11,779.75,-0.012
2011/12/11,103.35,108.75,111.1,102.46,550.96,-0.0485
2011/12/18,107.96,103.63,108.55,102.37,638.97,0.0446
2011/12/25,107.38,108.16,109.5,106.5,367.51,-0.0054
2012/1/1,113.06,108.35,114.64,108.35,796.13,0.0529
2012/1/8,110.44,113.42,115.12,109.71,839.16,-0.0232
2012/1/15,109.86,110.7,112.76,109.42,754.75,-0.0053
2012/1/22,111.46,110.04,111.99,108.91,970.27,0.0146
2012/1/29,114.58,111.5,114.71,110.25,1060,0.028
2012/2/5,117.31,114.58,118.79,113.65,1040,0.0238
2012/2/12,119.58,117.69,120.7,117,757.41,0.0194
2012/2/19,125.47,120,125.55,119.21,763.55,0.0493
2012/2/26,123.65,125.25,128.4,120.5,1070,-0.0145
2012/3/4,125.98,123.37,126.37,121.59,931.21,0.0188
2012/3/11,125.81,125.84,126.79,120.97,572.38,-0.0013
2012/3/18,125.13,125.6,127.06,122.3,863.37,-0.0054
2012/3/25,122.88,125.04,126.18,121.37,962.65,-0.018
2012/4/1,123.43,122.94,125.97,121.7,860.92,0.0045
2012/4/8,121.83,122.85,122.86,119.05,635.27,-0.013
2012/4/15,118.76,121,121,116.7,1120,-0.0252
2012/4/22,119.83,118.7,120.17,117.21,1020,0.009
2012/4/29,113.18,119.7,120.02,111.76,1110,-0.0555
2012/5/6,112.26,112.8,113.64,110.34,1040,-0.0081
2012/5/13,107.14,112.07,112.67,106.4,872.78,-0.0456
2012/5/20,106.83,107.4,109.43,105.03,928.35,-0.0029
2012/5/27,98.43,106.83,108.04,97.54,1090,-0.0786
2012/6/3,99.47,98.43,102.45,95.63,1100,0.0106
2012/6/10,97.61,100.24,102.21,96.33,801.82,-0.0187
2012/6/17,90.98,98.04,99.5,88.49,1430,-0.0679
2012/6/24,97.8,91.65,98.29,89.6,1190,0.075
2012/7/1,98.19,97.6,102.34,95.3,1150,0.004
2012/7/8,102.4,98.15,103.44,97.73,884.74,0.0429
2012/7/15,106.83,102.76,108.18,102.07,771.59,0.0433
2012/7/22,106.47,106.9,106.94,102.1,1060,-0.0034
2012/7/29,108.94,106.37,109.13,104.06,1020,0.0232
2012/8/5,112.95,108.6,113.54,107.9,796.88,0.0368
2012/8/12,113.71,113.4,117.03,112.7,526.93,0.0067
2012/8/19,113.59,113.83,116.38,112.87,950.28,-0.0011
2012/8/26,114.57,113.8,115.5,111.5,911.74,0.0086
2012/9/2,114.25,114.7,116.65,112.34,984.91,-0.0028
2012/9/9,116.66,114.55,117.95,113.92,643.23,0.0211
2012/9/16,111.42,116.67,117.02,107.1,1140,-0.0449
2012/9/23,112.39,111.5,113.4,108.45,993.01,0.0087
2012/9/30,112.02,112.34,113.27,107.67,1030,-0.0033
2012/10/7,114.62,111.99,116.02,110.54,827.28,0.0232
2012/10/14,110.14,114.64,116.2,109.9,771.05,-0.0391
2012/10/21,109.55,109.95,110.97,106.8,1130,-0.0054
2012/10/28,105.68,109.65,110.26,105.5,932.63,-0.0353
2012/11/4,109.4,105.55,111.64,104.76,1140,0.0352
2012/11/11,108.95,109.59,111.12,107.38,656.84,-0.0041
2012/11/18,111.38,109.2,112.2,109.01,821.05,0.0223
2012/11/25,111.23,111.16,111.48,108.44,923.41,-0.0013
2012/12/2,107.02,110.96,112.33,106.63,990.76,-0.0378
2012/12/9,109.15,107.3,110.5,107.01,592.32,0.0199
2012/12/16,108.97,108.3,110.66,107.58,697.93,-0.0016
2012/12/23,110.62,109.02,111.52,108.13,347.44,0.0151
2012/12/30,111.31,110.35,112.9,109.38,663.44,0.0062
2013/1/6,110.64,111.42,113.29,109.6,934.49,-0.006
2013/1/13,111.89,110.62,112.46,109.45,619.99,0.0113
2013/1/20,113.28,111.67,113.84,111.35,938.08,0.0124
2013/1/27,116.76,113.45,117.07,112.6,1020,0.0307
2013/2/3,118.9,116.5,119.17,115.01,1100,0.0183
2013/2/10,117.66,118.9,119.12,116.28,670.44,-0.0104
2013/2/17,114.1,117.81,118.19,113.32,836.79,-0.0303
2013/2/24,110.4,114.19,115.87,109.82,1140,-0.0324
2013/3/3,110.85,110.58,112.23,109.14,1100,0.0041
2013/3/10,109.82,110.67,111.2,107.91,621.43,-0.0093
2013/3/17,107.66,109.83,109.83,106.9,941.94,-0.0197
2013/3/24,110.02,106.86,110.1,106.8,789.13,0.0219
2013/3/31,104.12,110.15,111.79,103.62,1170,-0.0536
2013/4/7,103.11,104.28,106.5,101.09,793.4,-0.0097
2013/4/14,99.65,103.03,103.09,96.75,1130,-0.0336
2013/4/21,103.16,99.56,103.49,98.78,1130,0.0352
2013/4/28,104.19,102.79,104.92,98.76,1270,0.01
2013/5/5,103.91,104.25,105.94,101.56,1040,-0.0027
2013/5/12,104.64,103.26,104.87,101.2,660.2,0.007
2013/5/19,102.64,104.75,105.31,100.64,918.43,-0.0191
2013/5/26,100.39,102.52,104.69,100.03,874.08,-0.0219
2013/6/2,104.56,100.15,105.01,99.66,1170,0.0415
2013/6/9,105.93,104.56,106.64,101.82,629.16,0.0131
2013/6/16,100.91,105.77,106.67,100.04,1040,-0.0474
2013/6/23,102.16,100.61,103.44,99.67,1050,0.0124
2013/6/30,107.72,101.9,107.88,101.63,990.53,0.0544
2013/7/7,108.81,108,109.14,106.79,861.68,0.0101
2013/7/14,108.07,108.99,109.72,107.01,713.03,-0.0068
2013/7/21,107.17,108.3,108.68,106.25,882.47,-0.0083
2013/7/28,108.95,107.19,110.09,105.73,957.1,0.0166
2013/8/4,108.22,109.09,109.44,105.85,930.58,-0.0067
2013/8/11,110.4,108.13,111.53,107.43,573.1,0.0201
2013/8/18,111.04,110.53,111.23,108.61,991.42,0.0058
2013/8/25,114.01,111.15,117.34,110.5,1160,0.0267
2013/9/1,116.12,114,116.56,112.2,855.45,0.0185
2013/9/8,112.78,115.93,116.18,110.59,598.15,-0.0288
2013/9/15,109.22,111.25,111.49,107.41,1030,-0.0316
2013/9/22,108.63,109.22,110.09,107.43,912.18,-0.0054
2013/9/29,109.46,108.2,109.85,106.81,872.6,0.0076
2013/10/6,111.28,109.21,112,107.89,916.44,0.0166
2013/10/13,109.94,110.87,111.41,108.71,631.18,-0.012
2013/10/20,106.93,109.96,110.94,106.27,1210,-0.0274
2013/10/27,105.91,107.04,110.16,105.78,1220,-0.0095
2013/11/3,105.12,105.78,106.58,102.98,1200,-0.0075
2013/11/10,108.5,105.17,108.96,105.15,662.84,0.0322
2013/11/17,111.05,108.5,111.4,106.51,1160,0.0235
2013/11/24,109.69,109,111.66,108.05,861.07,-0.0122
2013/12/1,111.61,109.6,113.02,109.28,1070,0.0175
2013/12/8,108.83,111.69,111.79,108.02,818.7,-0.0249
2013/12/15,111.77,109.15,111.89,107.8,690.62,0.027
2013/12/22,112.18,111.55,112.8,111.27,326.41,0.0037
2013/12/29,106.89,112.2,112.64,106.79,587.84,-0.0472
2014/1/5,107.25,106.8,108.2,106.03,929.5,0.0034
2014/1/12,106.48,107.25,107.64,105.44,546.84,-0.0072
2014/1/19,107.88,106.28,108.33,105.81,1030,0.0131
2014/1/26,106.4,107.91,108.4,106.3,1020,-0.0137
2014/2/2,109.57,106.4,109.74,105.4,1070,0.0298
2014/2/9,109.08,109.75,109.75,107.85,570.64,-0.0045
2014/2/16,109.85,109.13,110.82,108.64,676.67,0.0071
2014/2/23,109.07,109.65,110.77,108.4,969.85,-0.0071
2014/3/2,109,109.44,112.39,107.37,1130,-0.0006
2014/3/9,108.57,108.73,108.85,106.98,554.56,-0.0039
2014/3/16,106.92,108.55,108.6,105.41,898.29,-0.0152
2014/3/23,108.07,107.01,108.39,106.44,801.44,0.0108
2014/3/30,106.72,108,108.33,103.95,1020,-0.0125
2014/4/6,107.33,106.35,108.14,105.13,783.5,0.0057
2014/4/13,109.53,107.42,110.36,107.26,508.72,0.0205
2014/4/20,109.58,109.76,110.65,108.53,886.36,0.0005
2014/4/27,108.59,109.5,110.2,106.85,1070,-0.009
2014/5/4,107.89,108.92,109.02,106.96,894.32,-0.0064
2014/5/11,109.75,107.94,110.6,107.94,641.84,0.0172
2014/5/18,110.54,109.82,111.04,109.1,908.24,0.0072
2014/5/25,109.41,110.4,110.8,109.22,727.76,-0.0102
2014/6/1,108.61,109.7,109.87,107.77,931.33,-0.0073
2014/6/8,113.41,108.68,114.69,108.55,684.82,0.0442
2014/6/15,114.81,112.73,115.71,112.16,1110,0.0123
2014/6/22,113.3,114.99,115.66,112.9,979.68,-0.0132
2014/6/29,110.64,113.3,113.3,110.53,1010,-0.0235
2014/7/6,106.66,110.65,110.92,106.27,881.92,-0.036
2014/7/13,107.24,106.42,108.62,104.39,681.97,0.0054
2014/7/20,108.39,107.15,108.46,106.73,1030,0.0107
2014/7/27,104.84,108.3,108.38,104.39,985.45,-0.0328
2014/8/3,105.02,104.82,106.85,104.07,1020,0.0017
2014/8/10,103.53,105,105.43,101.92,600.82,-0.0142
2014/8/17,102.29,103.21,103.3,101.07,836.5,-0.012
2014/8/24,103.19,102.1,103.4,101.65,733.11,0.0088
2014/8/31,100.82,102.95,103.3,100.17,971.41,-0.023
2014/9/7,97.11,100.8,101,96.72,821.66,-0.0368
2014/9/14,98.39,96.9,99.61,96.21,761.86,0.0132
2014/9/21,97,98.5,98.5,95.6,936.17,-0.0141
2014/9/28,92.31,96.81,97.8,91.48,1210,-0.0484
2014/10/5,90.21,91.9,93.21,88.11,1050,-0.0227
2014/10/12,86.16,89.89,90.18,82.6,670.08,-0.0449
2014/10/19,86.13,86.35,87.19,84.12,1290,-0.0003
2014/10/26,85.86,86.08,87.94,84.55,1090,-0.0031
2014/11/2,83.39,85.85,86.4,81.63,1350,-0.0288
2014/11/9,79.41,83.26,84.97,76.76,838.85,-0.0477
2014/11/16,80.36,79.5,81.61,77.56,1120,0.012
2014/11/23,70.15,80.5,80.85,69.78,1120,-0.1271
2014/11/30,69.07,70.15,73.03,67.53,1250,-0.0154
2014/12/7,61.85,68.79,68.79,61.35,971.34,-0.1045
2014/12/14,61.38,61.2,63.7,58.5,948.6,-0.0076
2014/12/21,59.45,61.99,62.97,59.21,513.11,-0.0314
2014/12/28,56.42,59.65,60.43,55.48,635.34,-0.051
2015/1/4,50.11,56.25,56.3,48.9,1480,-0.1118
2015/1/11,50.17,49.93,50.62,45.19,865.74,0.0012
2015/1/18,48.79,50.1,50.45,47.78,1200,-0.0275
2015/1/25,52.99,48.56,53.08,47.57,1340,0.0861
2015/2/1,57.8,52.68,59.06,51.41,1770,0.0908
2015/2/8,61.52,57.93,61.77,53.91,852.51,0.0644
2015/2/15,60.22,61.49,63,57.8,1200,-0.0211
2015/2/22,62.58,60.3,62.83,58.1,1310,0.0392
2015/3/1,59.73,62.5,62.5,59.17,1220,-0.0455
2015/3/8,54.67,59.62,60.02,54.43,776.44,-0.0847
2015/3/15,55.32,54.41,56.84,52.5,914.68,0.0119
2015/3/22,56.41,55.24,59.78,54.12,1200,0.0197
2015/3/29,54.95,55.96,57.69,54,1000,-0.0259
2015/4/5,57.87,55.18,59.27,55.08,926.55,0.0531
2015/4/12,63.45,58.02,64.95,57.46,760.9,0.0964
2015/4/19,65.28,63.85,65.8,61.39,1270,0.0288
2015/4/26,66.46,65.47,66.93,63.9,1040,0.0181
2015/5/3,65.39,66.4,69.63,64.23,1210,-0.0161
2015/5/10,66.81,65.37,68.17,64.25,735.94,0.0217
2015/5/17,65.37,66.91,67.88,63.95,1100,-0.0216
2015/5/24,65.56,65.56,66.22,61.24,1040,0.0029
2015/5/31,63.31,65.59,65.88,60.94,1210,-0.0343
2015/6/7,63.87,63.06,66.36,62.47,854.02,0.0088
2015/6/14,63.02,63.62,65.47,62.24,1070,-0.0133
2015/6/21,63.26,62.57,65.05,62.1,1160,0.0038
2015/6/28,60.32,62.85,63.83,60.12,1100,-0.0465
2015/7/5,58.73,60,60,55.1,1360,-0.0264
2015/7/12,57.1,58.35,58.83,56.4,571.04,-0.0278
2015/7/19,54.62,57.12,57.44,54.3,973.56,-0.0434
2015/7/26,52.21,54.45,54.89,51.63,1240,-0.0441
2015/8/2,48.61,51.55,52.01,48.42,1290,-0.069
2015/8/9,49.03,48.43,51.1,48.24,722.56,0.0086
2015/8/16,45.46,48.76,49.44,45.07,1090,-0.0728
2015/8/23,50.05,45.35,50.98,42.23,1620,0.101
2015/8/30,49.61,50.05,54.32,47.74,1510,-0.0088
2015/9/6,48.14,49.27,50.04,46.76,857.13,-0.0296
2015/9/13,47.47,48.08,50.34,45.98,865.43,-0.0139
2015/9/20,48.6,47.64,50.25,47.4,985.01,0.0238
2015/9/27,48.13,48.34,49.84,46.93,1030,-0.0097
2015/10/4,52.65,48.08,54.05,47.84,1210,0.0939
2015/10/11,50.46,52.64,53.31,48.21,581.18,-0.0416
2015/10/18,47.99,50.38,50.68,47.45,1160,-0.0489
2015/10/25,49.56,48,50,46.41,1200,0.0327
2015/11/1,47.42,49.5,50.91,47.27,1310,-0.0432
2015/11/8,43.61,47.46,48.41,43.57,762.98,-0.0803
2015/11/15,44.66,44.7,45.5,43.15,1270,0.0241
2015/11/22,44.86,44.46,46.5,43.57,1050,0.0045
2015/11/29,43,44.86,45.75,42.43,1480,-0.0415
2015/12/6,37.93,43.26,43.26,37.36,1240,-0.1179
2015/12/13,36.88,37.85,39.41,36.33,625.94,-0.0277
2015/12/20,37.89,36.55,38.1,35.98,649.41,0.0274
2015/12/27,37.28,37.84,37.98,36.1,579.13,-0.0161
2016/1/3,33.55,37.85,38.99,32.16,1390,-0.1001
2016/1/10,28.94,33.34,33.38,28.82,797.4,-0.1374
2016/1/17,32.18,28.73,32.3,27.1,1810,0.112
2016/1/24,34.74,32.1,35.84,29.27,1130,0.0796
2016/1/31,34.06,35.85,36.25,32.23,1700,-0.0196
2016/2/7,33.36,33.99,34.68,29.92,1590,-0.0206
2016/2/14,33.01,32.77,35.73,31.82,1530,-0.0105
2016/2/21,35.1,33.25,37,32.37,1260,0.0633
2016/2/28,38.72,35.1,38.95,34.83,1140,0.1031
2016/3/6,40.39,38.88,41.48,38.87,1590,0.0431
2016/3/13,41.2,40.25,42.54,38.32,1290,0.0201
2016/3/20,40.44,41.31,42.08,39.22,946.49,-0.0184
2016/3/27,38.67,40.58,41,38.55,645.24,-0.0438
2016/4/3,41.94,38.69,42.01,37.27,1560,0.0846
2016/4/10,43.1,42,44.94,41.41,1510,0.0277
2016/4/17,45.11,41.8,46.18,40.1,1620,0.0466
2016/4/24,48.13,45.13,48.5,44.26,704.3,0.0669
2016/5/1,45.37,47.37,47.4,44.19,1300,-0.0573
2016/5/8,47.83,45.75,48.19,43.33,1680,0.0542
2016/5/15,48.72,47.8,49.85,47.38,1430,0.0186
2016/5/22,49.32,48.72,50.51,47.58,1030,0.0123
2016/5/29,49.64,49.43,50.33,48.65,815.72,0.0065
2016/6/5,50.54,49.83,52.86,49.72,1120,0.0181
2016/6/12,49.17,50.42,50.79,46.94,1240,-0.0271
2016/6/19,48.41,49.42,51.24,47.54,1380,-0.0155
2016/6/26,50.35,48.43,50.74,46.69,803.5,0.0401
2016/7/3,46.76,50.6,50.75,46.15,1260,-0.0713
2016/7/10,47.61,46.49,48.57,45.9,1400,0.0182
2016/7/17,45.69,47.92,47.95,45.17,1220,-0.0403
2016/7/24,42.46,45.7,45.87,41.8,755.34,-0.0707
2016/7/31,44.27,43.11,44.49,41.51,1330,0.0426
2016/8/7,46.97,44.34,47.25,43.46,1320,0.061
2016/8/14,50.88,47.14,51.22,46.84,1460,0.0832
2016/8/21,49.92,50.7,50.76,48.48,1290,-0.0189
2016/8/28,46.83,49.54,49.76,45.32,780.19,-0.0619
2016/9/4,48.01,46.7,50.14,46.29,1320,0.0252
2016/9/11,45.77,47.81,48.63,45.48,1420,-0.0467
2016/9/18,45.89,46.01,48.26,45.09,1350,0.0026
2016/9/25,49.06,46.05,49.81,45.63,779.77,0.0691
2016/10/2,51.93,50.02,52.84,49.74,1460,0.0585
2016/10/9,51.95,51.63,53.73,50.92,1520,0.0004
2016/10/16,51.78,51.93,53.14,51.12,1340,-0.0033
2016/10/23,49.71,51.89,52.01,49.31,1050,-0.04
2016/10/30,45.58,49.41,49.72,45.08,1530,-0.0831
2016/11/6,44.75,45.7,46.95,44.19,1630,-0.0182
2016/11/13,46.86,44.54,47.62,43.57,1480,0.0472
2016/11/20,47.24,46.92,49.96,46.85,1250,0.0081
2016/11/27,54.46,46.71,54.53,45.92,1160,0.1528
2016/12/4,54.33,54.4,55.33,52.81,1470,-0.0024
2016/12/11,55.21,55.88,57.89,53.15,1500,0.0162
2016/12/18,55.16,55.4,55.92,54.05,1060,-0.0009
2016/12/25,56.82,55.18,57.2,55.04,355.92,0.0301
2017/1/1,57.1,57.05,58.37,55.3,1130,0.0049
2017/1/8,55.45,56.81,57,53.58,1600,-0.0289
2017/1/15,55.49,55.64,56.95,53.77,1450,0.0007
2017/1/22,55.52,55.7,56.55,54.65,1240,0.0005
2017/1/29,56.81,55.47,57.45,54.9,997.04,0.0232
2017/2/5,56.7,56.85,57.13,54.44,1530,-0.0019
2017/2/12,55.81,56.68,56.81,55.1,1340,-0.0157
2017/2/19,55.99,55.9,57.31,55.64,1180,0.0032
2017/2/26,55.9,55.96,57.05,55.03,1030,-0.0016
2017/3/5,51.37,55.8,56.65,51.14,1790,-0.081
2017/3/12,51.76,51.49,52.65,50.25,1520,0.0076
2017/3/19,50.8,51.8,52.22,49.71,1390,-0.0185
2017/3/26,52.83,51.03,53.45,50.03,678.39,0.04
2017/4/2,55.24,53.62,56.08,52.73,1450,0.0456
2017/4/9,55.89,55.19,56.65,55.19,1340,0.0118
2017/4/16,51.96,55.55,55.98,51.57,1720,-0.0703
2017/4/23,51.73,52.11,52.57,50.45,956.93,-0.0044
2017/4/30,49.1,51.88,52.16,46.64,1910,-0.0508
2017/5/7,50.84,49.27,51.16,48.39,1720,0.0354
2017/5/14,53.61,50.89,53.82,50.74,1700,0.0545
2017/5/21,52.15,53.85,54.67,50.71,1790,-0.0272
2017/5/28,49.95,52.24,52.61,48.95,1130,-0.0422
2017/6/4,48.15,49.87,50.74,47.4,1870,-0.036
2017/6/11,47.37,48.06,49.15,46.7,1630,-0.0162
2017/6/18,45.54,47.21,47.76,44.35,1590,-0.0386
2017/6/25,47.92,45.63,48.12,45.04,834.8,0.0523
2017/7/2,46.71,48.95,49.9,46.28,1360,-0.0253
2017/7/9,48.91,46.84,49.11,46.11,1440,0.0471
2017/7/16,48.06,49.14,50.19,47.81,1430,-0.0174
2017/7/23,52.52,47.96,52.7,47.68,1170,0.0928
2017/7/30,52.42,52.6,52.93,50.88,1510,-0.0019
2017/8/6,52.1,52.39,53.64,51.3,1460,-0.0061
2017/8/13,52.72,52.02,52.96,50,1570,0.0119
2017/8/20,52.41,53,53,51.3,1350,-0.0059
2017/8/27,52.75,52.38,52.95,50.56,729.84,0.0065
2017/9/3,53.78,52.85,54.87,51.99,1360,0.0195
2017/9/10,55.62,53.82,55.99,53.04,1450,0.0342
2017/9/17,56.86,55.59,56.91,54.82,1260,0.0223
2017/9/24,57.54,56.87,59.49,56.7,724.44,0.012
2017/10/1,55.62,56.73,57.28,55.13,1730,-0.0334
2017/10/8,57.17,55.5,57.57,55.06,1350,0.0279
2017/10/15,57.75,57.28,58.54,56.6,1880,0.0101
2017/10/22,60.44,57.95,60.65,57.04,1390,0.0466
2017/10/29,62.07,60.66,62.23,60,1100,0.027
2017/11/5,63.52,62.27,64.65,62.08,1790,0.0234
2017/11/12,62.72,63.68,63.77,61.08,1700,-0.0126
2017/11/19,63.86,62.8,63.95,61.44,1210,0.0182
2017/11/26,63.73,63.8,64.32,62.5,948.58,-0.002
2017/12/3,63.4,63.5,63.68,61.13,1390,-0.0052
2017/12/10,63.23,63.29,65.83,62.01,1840,-0.0027
2017/12/17,65.25,63.36,65.28,63,936.37,0.0319
2017/12/24,66.87,65.2,67.1,65,389.71,0.0248
2017/12/31,67.62,66.55,68.27,66.24,902.2,0.0112
2018/1/7,69.87,67.8,70.05,67.44,1460,0.0333
2018/1/14,68.61,69.88,70.37,68.28,1330,-0.018
2018/1/21,70.52,68.8,71.28,68.39,1430,0.0278
2018/1/28,68.58,70.47,70.64,67.96,1000,-0.0275
2018/2/4,62.79,68.15,68.46,61.77,1980,-0.0844
2018/2/11,64.84,62.5,65.22,61.76,1600,0.0326
2018/2/18,67.31,64.96,67.37,64.4,1120,0.0381
2018/2/25,64.37,67.29,67.9,63.19,929.38,-0.0437
2018/3/4,65.49,64.65,66.16,63.43,1380,0.0174
2018/3/11,66.21,65.5,66.42,64.05,1300,0.011
2018/3/18,70.45,66.01,70.57,65.39,1570,0.064
2018/3/25,70.27,70.43,71.05,68.78,482.26,-0.0026
2018/4/1,67.11,69.32,70.04,66.69,1350,-0.045
2018/4/8,72.58,67.1,73.09,67,1860,0.0815
2018/4/15,74.06,72.7,74.75,70.83,1730,0.0204
2018/4/22,74.64,73.77,75.47,73.13,1260,0.0078
2018/4/29,74.87,74.62,75.41,72.38,1400,0.0031
2018/5/6,77.12,75,78,73.1,1690,0.0301
2018/5/13,78.51,77.05,80.5,76.55,1630,0.018
2018/5/20,76.44,78.61,80.49,76.01,1350,-0.0264
2018/5/27,76.79,76.11,78.75,74.49,622.91,0.0046
2018/6/3,76.46,76.66,77.61,73.81,1670,-0.0043
2018/6/10,73.44,76.3,77.07,73,1350,-0.0395
2018/6/17,75.55,73.06,75.86,72.45,1760,0.0287
2018/6/24,79.44,74.8,79.7,73.74,891.38,0.0515
2018/7/1,77.11,78.55,78.95,76.36,1210,-0.0293
2018/7/8,75.33,77.21,79.51,72.67,1750,-0.0231
2018/7/15,73.07,74.92,75.37,71.19,1450,-0.03
2018/7/22,74.29,73.22,74.85,72.52,1050,0.0167
2018/7/29,73.21,74.31,75.27,71.84,788.75,-0.0145
2018/8/5,72.81,73.21,74.9,71.4,1120,-0.0055
2018/8/12,71.83,73,73.93,70.3,1210,-0.0135
2018/8/19,75.82,71.77,76.42,71.42,1190,0.0555
2018/8/26,77.42,75.54,78.03,75.39,527.23,0.0211
2018/9/2,76.83,77.69,79.72,75.64,1190,-0.0076
2018/9/9,78.09,77.08,80.13,76.9,1400,0.0164
2018/9/16,78.8,78.07,80.12,77.46,1340,0.0091
2018/9/23,82.72,78.97,82.87,78.97,757.93,0.0497
2018/9/30,84.16,82.79,86.74,82.55,1620,0.0174
2018/10/7,80.43,84.17,85.45,79.23,1820,-0.0443
2018/10/14,79.78,81,81.92,78.69,1600,-0.0081
2018/10/21,77.62,80.11,80.41,75.11,1600,-0.0271
2018/10/28,72.83,77.64,78.03,72.16,940.86,-0.0617
2018/11/4,70.18,72.85,74.13,69.13,1530,-0.0364
2018/11/11,66.76,70.69,71.88,64.61,1790,-0.0487
2018/11/18,58.8,66.99,67.64,58.41,1460,-0.1192
2018/11/25,58.71,58.98,61.4,57.5,810.95,-0.0015
2018/12/2,61.67,59.98,63.73,58.36,1650,0.0504
2018/12/9,60.28,61.34,62.33,59.33,1210,-0.0225
2018/12/16,53.82,60.25,61.21,52.79,1490,-0.1072
2018/12/23,52.2,53.49,55.29,49.93,272.92,-0.0301
2018/12/30,57.06,53,58.31,52.51,1010,0.0931
2019/1/6,60.48,57.41,62.49,57.13,1510,0.0599
2019/1/13,62.7,60.62,63,58.9,1380,0.0367
2019/1/20,61.64,62.74,63.15,60.21,1220,-0.0169
2019/1/27,62.75,61.49,62.97,59.49,735.1,0.018
2019/2/3,62.1,62.83,63.63,60.6,1280,-0.0104
2019/2/10,66.25,62.11,66.39,60.9,1410,0.0668
2019/2/17,67.12,66.39,67.73,65.58,1120,0.0131
2019/2/24,65.07,66.97,67.47,64.32,767.53,-0.0305
2019/3/3,65.74,64.97,67,64.02,1330,0.0103
2019/3/10,67.16,65.76,68.14,65.63,1230,0.0216
2019/3/17,67.03,67.14,68.69,66.2,1270,-0.0019
2019/3/24,68.39,67,68.89,66.36,714.71,0.0203
2019/3/31,70.34,67.58,70.48,67.58,1510,0.0285
2019/4/7,71.55,70.56,71.87,70.3,1360,0.0172
2019/4/14,71.97,71.55,72.27,70.74,1030,0.0059
2019/4/21,72.15,71.93,75.6,71.3,1420,0.0025
2019/4/28,70.85,71.56,73.27,69.68,999.99,-0.018
2019/5/5,70.62,70.59,71.79,68.79,1480,-0.0032
2019/5/12,72.21,70.83,73.36,69.72,1530,0.0225
2019/5/19,68.69,72.5,73.4,67.02,1700,-0.0487
2019/5/26,64.49,69.15,70.59,64.37,586.55,-0.0611
2019/6/2,63.29,61.64,63.59,59.45,1840,-0.0186
2019/6/9,62.01,63.58,64.1,59.57,1620,-0.0202
2019/6/16,65.2,62.07,65.76,60.25,1540,0.0514
2019/6/23,66.55,65.5,66.85,64.08,702.97,0.0207
2019/6/30,64.23,65.05,66.75,62.09,1350,-0.0349
2019/7/7,66.72,64.34,67.65,63.76,1390,0.0388
2019/7/14,62.47,66.87,67.47,61.29,1590,-0.0637
2019/7/21,63.46,63.05,64.66,62.59,1170,0.0158
2019/7/28,61.89,63.32,65.42,60.02,1000,-0.0247
2019/8/4,58.53,61.46,61.56,55.88,1770,-0.0543
2019/8/11,58.64,58.3,61.5,57.67,1390,0.0019
2019/8/18,59.34,58.72,61.41,58.3,1320,0.0119
2019/8/25,60.43,58.35,61.19,58.24,692.16,0.0184
2019/9/1,61.54,58.8,62.4,57.23,1250,0.0184
2019/9/8,60.22,61.6,63.78,58.92,1390,-0.0214
2019/9/15,64.28,66.45,71.95,63.04,2130,0.0674
2019/9/22,61.91,65.23,65.5,60.76,835.42,-0.0369
2019/9/29,58.37,62.24,62.24,56.15,1260,-0.0572
2019/10/6,60.51,58.02,60.69,57.38,1400,0.0367
2019/10/13,59.42,60.69,60.73,58,1340,-0.018
2019/10/20,62.02,59.23,62.11,58.26,1210,0.0438
2019/10/27,61.69,62.04,62.34,59.4,660.65,-0.0053
2019/11/3,62.51,61.8,63.32,60.66,1290,0.0133
2019/11/10,63.3,62.6,63.65,61.22,1210,0.0126
2019/11/17,63.39,63.36,64.27,60.3,1420,0.0014
2019/11/24,62.43,63.6,64.6,62.36,634.35,-0.0151
2019/12/1,64.39,60.73,64.88,60.3,1470,0.0314
2019/12/8,65.22,64.29,65.79,63.01,1200,0.0129
2019/12/15,66.14,65.05,66.78,64.88,1160,0.0141
2019/12/22,68.16,66.15,68.33,65.81,419.89,0.0305
2019/12/29,68.6,68.2,69.5,65.63,885.81,0.0065
2020/1/5,64.98,69.35,71.75,64.56,1820,-0.0528
2020/1/12,64.85,65.13,65.6,63.55,1220,-0.002
2020/1/19,60.69,65.98,66,60.25,1300,-0.0641
2020/1/26,58.16,60.23,60.62,57.71,775.28,-0.0417
2020/2/2,54.47,56.16,56.77,53.69,1950,-0.0634
2020/2/9,57.32,54.2,57.53,53.11,1440,0.0523
2020/2/16,58.5,57.29,60,56.3,1130,0.0206
2020/2/23,50.52,57.85,57.86,50.05,750.62,-0.1364
2020/3/1,45.27,48.95,53.9,45.18,2190,-0.1039
2020/3/8,33.85,38.28,39.7,31.02,2640,-0.2523
2020/3/15,26.98,35.82,35.84,24.52,1600,-0.203
2020/3/22,24.93,26.75,28.65,24.13,863.35,-0.076
2020/3/29,34.11,23.85,36.29,21.65,1580,0.3682
2020/4/5,31.48,31.76,36.4,30.03,1410,-0.0771
2020/4/12,28.08,33.99,33.99,27.16,1360,-0.108
2020/4/19,21.44,28.05,28.25,15.98,1790,-0.2365
2020/4/26,26.44,21.55,27.88,18.73,598.83,0.2332
2020/5/3,30.97,26.1,32.27,25.5,1160,0.1713
2020/5/10,32.5,30.7,32.91,28.86,1100,0.0494
2020/5/17,35.13,32.78,36.98,32.69,965.57,0.0809
2020/5/24,35.33,34.98,36.68,33.62,356.89,0.0057
2020/5/31,42.3,37.56,42.48,37.18,1080,0.1973
2020/6/7,38.73,42.4,43.41,37.01,1210,-0.0844
2020/6/14,42.19,38.8,42.92,37.24,1030,0.0893
2020/6/21,41.02,41.74,43.93,39.47,852.77,-0.0277
2020/6/28,42.8,40.56,43.23,40.04,645.37,0.0434
2020/7/5,43.24,42.79,43.71,41.32,1010,0.0103
2020/7/12,43.14,43.12,43.85,41.8,988.16,-0.0023
2020/7/19,43.34,43.08,44.89,42.36,1060,0.0046
2020/7/26,43.3,43.35,43.95,41.38,424.61,-0.0009
2020/8/2,44.4,43.53,46.23,42.89,1030,0.0254
2020/8/9,44.8,44.66,45.79,44.37,804.39,0.009
2020/8/16,44.35,44.86,45.55,43.59,992.53,-0.01
2020/8/23,45.05,44.5,46.1,44.29,610.85,0.0158
2020/8/30,42.66,45.8,46.53,42.3,1190,-0.0531
2020/9/6,39.83,42.2,42.43,39.31,1190,-0.0663
2020/9/13,43.15,39.78,43.8,39.3,1090,0.0834
2020/9/20,41.92,43.01,43.3,40.96,904.3,-0.0285
2020/9/27,39.27,41.87,42.62,38.79,878.93,-0.0632
2020/10/4,42.85,39.19,43.57,39.14,1330,0.0912
2020/10/11,42.93,42.6,43.48,41.36,1240,0.0019
2020/10/18,41.77,42.69,43.3,41.45,1190,-0.027
2020/10/25,37.46,41.53,41.63,36.64,714.58,-0.1032
2020/11/1,39.45,37.37,41.53,35.74,1330,0.0531
2020/11/8,42.78,39.65,45.3,39.46,1540,0.0844
2020/11/15,44.96,42.71,45.24,42.71,1210,0.051
2020/11/22,48.18,45.08,49.09,44.89,938.03,0.0716
2020/11/29,49.25,47.91,49.92,46.82,1090,0.0222
2021/1/3,55.99,51.5,56.36,50.56,1860,0.0809
2021/1/10,55.1,56.24,57.42,54.64,1540,-0.0159
2021/1/17,55.41,54.75,56.64,54.48,1240,0.0056
2021/1/24,55.88,55.26,56.59,55.07,636.3,0.0085
2021/1/31,59.34,54.91,59.79,54.6,1380,0.0619
2021/2/7,62.43,59.43,62.83,59.43,1390,0.0521
2021/2/14,62.91,62.83,65.52,62.09,1620,0.0077
2021/2/21,66.13,62.68,67.7,62.55,700.39,0.0512
2021/2/28,69.36,64.85,69.69,62.38,1870,0.0488
2021/3/7,69.22,69.97,71.38,66.5,1560,-0.002
2021/3/14,64.53,69.08,70.03,61.45,1780,-0.0678
2021/3/21,64.57,64.53,65.12,60.27,1230,0.0006
2021/3/28,64.86,64.58,65.46,62.38,656.17,0.0045
2021/4/4,62.95,64.57,64.81,61.25,1340,-0.0294
2021/4/11,66.77,63.03,67.38,62.41,1280,0.0607
2021/4/18,66.11,66.7,68.08,64.58,1210,-0.0099
2021/4/25,67.25,66.1,68.95,64.57,735.81,0.0172
2021/5/2,68.28,66.7,69.95,66.1,1220,0.0153
2021/5/9,68.71,68.74,69.9,66.48,1500,0.0063
2021/5/16,66.44,68.92,70.24,64.57,1640,-0.033
2021/5/23,69.63,66.72,69.92,66.46,652.78,0.048
2021/5/30,71.89,68.98,72.17,68.75,1060,0.0325
2021/6/6,72.69,71.82,73.09,70.71,1400,0.0111
2021/6/13,73.51,72.7,74.96,72.01,1300,0.0113
2021/6/20,76.18,73.33,76.21,72.98,1130,0.0363
2021/6/27,76.17,75.99,76.74,73.9,893.49,-0.0001
2021/7/4,75.55,76.23,77.84,72.11,1520,-0.0081
2021/7/11,73.59,75.79,76.72,72.34,1530,-0.0259
2021/7/18,74.1,72.86,74.22,67.44,1570,0.0069
2021/7/25,76.33,74.12,76.38,72.75,596.86,0.0301
2021/8/1,70.7,75.39,75.39,69.75,1540,-0.0738
2021/8/8,70.59,70.26,71.9,67.6,1350,-0.0016
2021/8/15,65.18,70.05,70.45,64.94,1450,-0.0766
2021/8/22,72.7,64.97,72.76,64.6,1090,0.1154
2021/8/29,72.61,73.25,73.69,70.42,830.58,-0.0012
2021/9/5,72.92,72.57,73.2,70.88,1340,0.0043
2021/9/12,75.34,72.88,76.13,72.69,1300,0.0332
2021/9/19,78.09,75.33,78.24,73.26,1220,0.0365
2021/9/26,79.28,78.25,80.75,77.5,764.3,0.0152
2021/10/3,82.39,79.49,83.47,78.75,1860,0.0392
2021/10/10,84.86,82.65,85.1,82.2,1590,0.03
2021/10/17,85.53,84.95,86.1,83.36,1760,0.0079
2021/10/24,84.38,85.65,86.7,82.32,807.77,-0.0134
2021/10/31,82.74,83.63,85.23,80.2,1850,-0.0194
2021/11/7,82.17,82.58,85.5,81.26,1610,-0.0069
2021/11/14,78.89,81.92,83.14,78.05,1810,-0.0399
2021/11/21,72.72,78.58,83,72.14,1200,-0.0782
2021/11/28,69.88,73.88,77.02,65.72,1430,-0.0391
2021/12/5,75.15,70.24,76.7,70.24,1390,0.0754
2021/12/12,73.52,75.37,76.39,72.5,1230,-0.0217
2021/12/19,76.14,72.82,77,69.28,906.32,0.0356
2021/12/26,77.78,76.32,80.17,75.75,365.28,0.0215
2022/1/2,81.75,78.11,83,77.04,1460,0.051
2022/1/9,86.06,81.76,86.5,80.5,1500,0.0527
2022/1/16,87.89,86.15,89.5,85.54,1420,0.0213
2022/1/23,90.03,87.93,91.7,85.04,1060,0.0243
2022/1/30,93.27,90.8,93.7,87.72,1230,0.036
2022/2/6,94.44,92.75,95.66,89.93,1800,0.0125
2022/2/13,93.54,95.2,96.78,90.12,1840,-0.0095
2022/2/20,97.93,94.29,105.79,92.57,1010,0.0469
2022/2/27,118.11,101.98,119.84,98.3,1790,0.2061
2022/3/6,112.67,122.79,139.13,105.6,2050,-0.0461
2022/3/13,107.93,113.15,113.15,96.93,1200,-0.0421
2022/3/20,120.65,107.5,123.74,107.06,936.8,0.1179
2022/3/27,104.39,119.9,119.9,102.35,564.13,-0.1348
2022/4/3,102.78,104.08,109.9,98.41,1220,-0.0154
2022/4/10,111.7,103.21,112.39,97.57,970.07,0.0868
2022/4/17,106.65,112.32,114.84,104.65,926.98,-0.0452
2022/4/24,109.34,105.49,110.3,99.48,446.95,0.0252
2022/5/1,112.39,106.3,114,103.1,1110,0.0279
2022/5/8,111.55,112.94,113.2,101.3,1400,-0.0075
2022/5/15,112.55,111.67,115.69,105.7,1190,0.009
2022/5/22,119.43,112.85,119.72,111.7,745.3,0.0611
2022/5/29,119.72,119.28,125.28,112.45,654.69,0.0024
2022/6/5,122.01,121.55,124.4,118.55,1250,0.0191
2022/6/12,113.12,121.94,125.19,111.72,1380,-0.0729
2022/6/19,113.12,113.88,116.25,107.03,988.78,0
2022/6/26,111.63,112.92,120.41,108.03,480.74,-0.0132
2022/7/3,107.02,111.65,114.75,98.5,1400,-0.0413
2022/7/10,101.16,107,107.7,94.5,1250,-0.0548
2022/7/17,103.2,100.82,107.61,99.46,992.54,0.0202
2022/7/24,110.01,103.85,110.67,101.64,401.33,0.066
2022/7/31,94.92,103.92,104.43,92.78,1280,-0.1372
2022/8/7,98.15,94.51,100.38,93.01,1080,0.034
2022/8/14,96.72,97.72,98.17,91.51,1020,-0.0146
2022/8/21,100.99,95.95,102.47,92.36,894.13,0.0441
2022/8/28,93.02,100.67,105.48,91.81,630.48,-0.0789
2022/9/4,92.84,93.02,96.99,87.24,1080,-0.0019
2022/9/11,91.35,92.54,95.8,90.03,1200,-0.016
2022/9/18,86.15,91.43,93.5,85.5,894.41,-0.0569
2022/9/25,87.96,86.62,90.12,83.65,361.78,0.021
2022/10/2,97.92,86.35,98.58,86.35,1330,0.1132
2022/10/9,91.63,98.75,98.75,91.08,1220,-0.0642
2022/10/16,93.5,91.71,94.77,88.77,1240,0.0204
2022/10/23,95.77,93.59,97.27,91.22,657.23,0.0243
2022/10/30,98.57,96.47,98.81,92.33,1050,0.0292
2022/11/6,95.99,97.31,99.56,91.73,1320,-0.0262
2022/11/13,87.62,95.87,96.95,85.8,1520,-0.0872
2022/11/20,83.63,87.74,89.9,82.31,918.5,-0.0455
2022/11/27,85.57,83.58,89.37,80.61,607.4,0.0232
2022/12/4,76.1,85.73,88.44,75.11,1320,-0.1107
2022/12/11,79.04,76.88,83.18,75.26,1110,0.0386
2022/12/18,83.92,79.21,84.12,78.28,755,0.0617
2022/12/25,85.91,84.5,86,81.28,299.2,0.0237
2023/1/1,78.75,85.69,86.66,77.77,693.84,-0.0833
2023/1/8,85.28,78.42,85.5,78.42,1240,0.0829
2023/1/15,87.63,85.36,87.85,83.76,1120,0.0276
2023/1/22,86.66,87.7,89.09,85.41,805.81,-0.0111
2023/1/29,79.94,86.88,87.48,79.62,1040,-0.0775
2023/2/5,86.39,79.61,86.9,79.1,1430,0.0807
2023/2/12,83,86.51,86.95,81.8,1190,-0.0392
2023/2/19,83.16,83.15,84.3,80.4,893.44,0.0019
2023/2/26,85.83,83.19,86,81.73,840.91,0.0321
2023/3/5,82.78,85.83,86.75,80.73,1490,-0.0355
2023/3/12,72.97,82.6,83.48,71.4,2130,-0.1185
2023/3/19,74.99,73.01,77.44,70.12,1060,0.0277
2023/3/26,79.89,74.62,79.95,74.39,1680,0.0653
2023/4/2,85.12,86,86.44,83.5,1290,0.0655
2023/4/9,85.87,84.45,86.9,83.37,853.36,0.0088
2023/4/16,81.66,86.43,86.52,80.45,1410,-0.049
2023/4/23,79.54,81.87,83.06,77.39,697.69,-0.026
2023/4/30,75.3,80.11,80.24,71.28,1630,-0.0533
2023/5/7,74.17,75.23,77.6,74.03,1380,-0.015
2023/5/14,75.58,74.15,77.5,73.49,1230,0.019
2023/5/21,76.95,75.63,78.66,74.55,1200,0.0181
2023/5/28,76.13,77.39,77.75,71.39,787.29,-0.0107
2023/6/4,74.79,77.68,78.73,73.58,1670,-0.0176
2023/6/11,76.61,74.87,76.74,71.58,1510,0.0243
2023/6/18,73.85,76.4,77.24,72.11,1150,-0.036
2023/6/25,74.9,74.5,75.4,71.57,490.35,0.0142
2023/7/2,78.47,75.11,78.54,74.56,1110,0.0477
2023/7/9,79.87,78.6,81.75,77.36,1710,0.0178
2023/7/16,79.52,79.34,80.92,78.2,311.44,-0.0044
